county_name,year,median_income,median_home,median_rent,state_fips,county_fips,pop,fmr_0,fmr_1,fmr_2,fmr_3,fmr_4,mortgage_rate,fed_rate,cpi,inflation_rate,housing_burden,hud_burden,real_income_index,macro_housing_pressure
Albany County,2009,55350,192500,830,36,001,294565,686,711,868,1039,1135,5.041375,0.16,214.56466666666665,NA,0.17994579945799458,0.18818428184281843,25796.41879526608,0.9071742547425474
Albany County,2010,56090,202500,855,36,001,294565,690,716,874,1046,1143,4.6905833333333335,0.175,218.07616666666667,1.6365695501278532,0.18292030665002673,0.18698520235336066,25720.371399289394,0.8580029417008379
Albany County,2011,57715,207300,880,36,001,294565,711,737,900,1077,1177,4.4558333333333335,0.10166666666666667,224.923,3.1396522774535196,0.18296803257385427,0.1871263969505328,25659.89249654326,0.815275058476999
Albany County,2012,59359,210200,890,36,001,294565,687,713,870,1041,1138,3.6559166666666667,0.14,229.58608333333333,2.0731909735035137,0.1799221685001432,0.17587897370238717,25854.790124111038,0.6577804545224819
Albany County,2013,59394,209300,904,36,001,304204,657,744,921,1147,1231,3.9819166666666668,0.1075,232.95175,1.4659715509759863,0.182644711587029,0.18607940195979392,25496.266930812926,0.7272760211469173
Albany County,2014,59940,208600,918,36,001,304204,662,750,929,1157,1242,4.172833333333333,0.08916666666666667,236.715,1.6154632879984865,0.1837837837837838,0.18598598598598598,25321.589252899055,0.7668990990990991
Albany County,2015,59887,208400,919,36,001,304204,690,782,968,1206,1294,3.849,0.1325,237.00175000000002,0.12113723253701636,0.18414680982517073,0.19396530131748127,25268.58978889396,0.7087810710170822
Albany County,2016,60904,211100,931,36,001,304204,685,823,1005,1247,1378,3.6477083333333336,0.395,240.00541666666666,1.2673605433996427,0.18343622750558256,0.19801655063706816,25376.093942324216,0.6691218557073427
Albany County,2017,62293,214400,969,36,001,304204,690,817,1006,1259,1387,3.991,1.0016666666666667,245.121,2.1314449500271726,0.1866662385821842,0.19379384521535326,25413.163294862537,0.7449849581814971
Albany County,2018,64535,218100,993,36,001,304204,700,837,1032,1294,1406,4.539041666666667,1.8316666666666666,251.0995,2.438999514525486,0.18464399163244752,0.19189587045789105,25700.96714648974,0.8381067715193307
Albany County,2019,66252,222500,1022,36,001,304204,768,904,1115,1397,1507,3.93375,2.158333333333333,255.65258333333333,1.8132586219141489,0.18511139286361167,0.20195616736098532,25914.856457216843,0.7281819416772324
Albany County,2020,68327,230300,1057,36,001,308580,747,855,1054,1313,1428,3.1136666666666666,0.37583333333333335,258.85575,1.2529373358571627,0.18563671754943142,0.18510983944853426,26395.782206885495,0.5780108595430796
Albany County,2021,73810,235200,1113,36,001,308580,809,912,1117,1389,1515,2.9557083333333334,0.08,270.97341666666665,4.681242996018686,0.18095109063812492,0.1816014090231676,27238.834313698055,0.5348386465248611
Albany County,2022,78829,263800,1196,36,001,308580,890,991,1207,1492,1637,5.3275,1.6833333333333333,292.62641666666667,7.990820747791694,0.18206497608748048,0.18373948673711452,26938.442843933262,0.9699511601060522
Albany County,2023,83149,277400,1252,36,001,306165,968,1079,1313,1598,1764,6.795375,5.024166666666667,304.70300000000003,4.126962791295052,0.18068768115070535,0.18949115443360715,27288.539988119577,1.2278405512994743
Albany County,2024,85333,294600,1313,36,001,306165,1011,1131,1374,1661,1830,6.7236666666666665,5.1433333333333335,313.6981666666667,2.9521096499432797,0.1846413462552588,0.19321950476369049,27202.262897084194,1.2414668651049416
Allegany County,2009,40917,65100,566,36,003,49927,553,555,665,829,1018,5.041375,0.16,214.56466666666665,NA,0.1659945743822861,0.19502896106752696,19069.775390169863,0.8368408974264976
Allegany County,2010,41305,66100,568,36,003,49927,573,576,690,860,1056,4.6905833333333335,0.175,218.07616666666667,1.6365695501278532,0.165016341847234,0.20045999273695678,18940.63007038061,0.7740229027962716
Allegany County,2011,41900,66800,584,36,003,49927,568,571,684,852,1047,4.4558333333333335,0.10166666666666667,224.923,3.1396522774535196,0.16725536992840095,0.1958949880668258,18628.597342201552,0.7452620525059667
Allegany County,2012,42095,67600,594,36,003,49927,577,579,694,865,1063,3.6559166666666667,0.14,229.58608333333333,2.0731909735035137,0.16933127449815893,0.19783822306687254,18335.170576904162,0.6190610286257275
Allegany County,2013,42445,69600,595,36,003,48946,520,524,654,855,962,3.9819166666666668,0.1075,232.95175,1.4659715509759863,0.16821769348568735,0.18489810342796562,18220.511329062778,0.6698288373188832
Allegany County,2014,42726,69100,604,36,003,48946,507,510,637,833,937,4.172833333333333,0.08916666666666667,236.715,1.6154632879984865,0.16963909563263588,0.17890745681786266,18049.553260249668,0.7078756728923841
Allegany County,2015,42776,70300,606,36,003,48946,528,531,663,867,975,3.849,0.1325,237.00175000000002,0.12113723253701636,0.17000187020759305,0.18599214512810922,18048.811875861673,0.6543371984290257
Allegany County,2016,44085,72100,618,36,003,48946,511,552,658,833,1030,3.6477083333333336,0.395,240.00541666666666,1.2673605433996427,0.16822048315753657,0.17910854031983667,18368.335436873822,0.6136192582511059
Allegany County,2017,45359,73300,633,36,003,48946,531,560,681,880,1068,3.991,1.0016666666666667,245.121,2.1314449500271726,0.16746400934764877,0.18016270199960316,18504.73847609956,0.6683488613064662
Allegany County,2018,47033,73900,645,36,003,48946,554,581,697,904,1114,4.539041666666667,1.8316666666666666,251.0995,2.438999514525486,0.16456530521123466,0.17783258563136523,18730.821845523387,0.7469687772415113
Allegany County,2019,48412,76400,658,36,003,48946,527,576,700,910,1101,3.93375,2.158333333333333,255.65258333333333,1.8132586219141489,0.16310005783689993,0.1735106998264893,18936.636340137382,0.6415948525159051
Allegany County,2020,51227,78400,659,36,003,47400,541,583,714,923,1099,3.1136666666666666,0.37583333333333335,258.85575,1.2529373358571627,0.1543717180393152,0.1672555488316708,19789.786396477575,0.4806620727350811
Allegany County,2021,54375,80900,686,36,003,47400,550,592,734,951,1103,2.9557083333333334,0.08,270.97341666666665,4.681242996018686,0.15139310344827586,0.16198620689655172,20066.54404291196,0.4474738574712644
Allegany County,2022,58725,93200,735,36,003,47400,569,613,757,969,1119,5.3275,1.6833333333333333,292.62641666666667,7.990820747791694,0.15019157088122606,0.15468710089399745,20068.249705184397,0.8001455938697318
Allegany County,2023,61233,97900,754,36,003,46304,616,669,826,1028,1198,6.795375,5.024166666666667,304.70300000000003,4.126962791295052,0.14776346087893782,0.16187349958355787,20095.962297712853,1.0041081279702122
Allegany County,2024,62869,101700,763,36,003,46304,676,731,905,1130,1288,6.7236666666666665,5.1433333333333335,313.6981666666667,2.9521096499432797,0.145636164087229,0.17274014220044856,20041.239216678026,0.9792090219344985
Bronx County,2009,33794,369600,885,36,005,1332650,1091,1180,1313,1615,1817,5.041375,0.16,214.56466666666665,NA,0.31425696869266734,0.46623661004912115,15750.030293897413,1.5842872255429958
Bronx County,2010,34264,386200,923,36,005,1332650,1129,1222,1359,1672,1880,4.6905833333333335,0.175,218.07616666666667,1.6365695501278532,0.3232547279943965,0.4759514359094093,15711.941622842784,1.5162532395517163
Bronx County,2011,34744,391300,966,36,005,1332650,1166,1261,1403,1726,1941,4.4558333333333335,0.10166666666666667,224.923,3.1396522774535196,0.3336403407782639,0.4845728758922404,15447.064106383074,1.4866457517844809
Bronx County,2012,34300,380900,1000,36,005,1332650,1183,1280,1424,1752,1970,3.6559166666666667,0.14,229.58608333333333,2.0731909735035137,0.3498542274052478,0.4981924198250729,14939.929939133217,1.2790379008746355
Bronx County,2013,34388,374500,1032,36,005,1385108,1191,1243,1474,1895,2124,3.9819166666666668,0.1075,232.95175,1.4659715509759863,0.3601256252180993,0.5143654763289519,14761.855191042781,1.4339902291497033
Bronx County,2014,34284,366400,1060,36,005,1385108,1163,1215,1440,1852,2075,4.172833333333333,0.08916666666666667,236.715,1.6154632879984865,0.3710185509275464,0.504025201260063,14483.239338444966,1.5481985765954964
Bronx County,2015,34299,363400,1074,36,005,1385108,1196,1249,1481,1904,2134,3.849,0.1325,237.00175000000002,0.12113723253701636,0.3757543951718709,0.5181492171783434,14472.045037642127,1.4462786670165313
Bronx County,2016,35302,363600,1098,36,005,1385108,1293,1357,1571,2021,2224,3.6477083333333336,0.395,240.00541666666666,1.2673605433996427,0.37323664381621435,0.5340207353691009,14708.834696439144,1.3614584159537704
Bronx County,2017,36593,371800,1133,36,005,1385108,1352,1419,1637,2102,2267,3.991,1.0016666666666667,245.121,2.1314449500271726,0.3715464706364605,0.5368239827289373,14928.545493858135,1.4828419643101138
Bronx County,2018,38085,382900,1176,36,005,1385108,1514,1558,1789,2280,2437,4.539041666666667,1.8316666666666666,251.0995,2.438999514525486,0.37053958251280034,0.5636864907443876,15167.294239932775,1.6818946041748721
Bronx County,2019,40088,404700,1212,36,005,1385108,1559,1599,1831,2324,2475,3.93375,2.158333333333333,255.65258333333333,1.8132586219141489,0.36280183596088605,0.548094192775893,15680.655159948512,1.4271717222111355
Bronx County,2020,41895,427900,1247,36,005,1455845,1665,1714,1951,2472,2643,3.1136666666666666,0.37583333333333335,258.85575,1.2529373358571627,0.35717866093805944,0.5588256355173649,16184.689735499403,1.112135290607471
Bronx County,2021,43726,445900,1306,36,005,1455845,1760,1801,2053,2598,2784,2.9557083333333334,0.08,270.97341666666665,4.681242996018686,0.35841375840461054,0.563417646251658,16136.638249569993,1.0593665324978274
Bronx County,2022,47036,501400,1401,36,005,1455845,2018,2054,2340,2952,3173,5.3275,1.6833333333333333,292.62641666666667,7.990820747791694,0.35742835275108426,0.5969895399268645,16073.736792389158,1.9041995492814012
Bronx County,2023,49036,517000,1436,36,005,1427056,2123,2170,2451,3078,3316,6.795375,5.024166666666667,304.70300000000003,4.126962791295052,0.3514152867281181,0.5998042254670038,16093.04798443074,2.3879986540500857
Bronx County,2024,48676,529500,1458,36,005,1427056,2386,2451,2752,3434,3700,6.7236666666666665,5.1433333333333335,313.6981666666667,2.9521096499432797,0.3594379160161065,0.6784452296819788,15516.826418600895,2.4167407346536276
Broome County,2009,43467,95600,598,36,007,200536,580,583,697,910,1067,5.041375,0.16,214.56466666666665,NA,0.16509075850645316,0.19242183725584927,20258.228288596758,0.8322844226654704
Broome County,2010,44457,99500,613,36,007,200536,602,604,723,944,1107,4.6905833333333335,0.175,218.07616666666667,1.6365695501278532,0.16546325663000203,0.19515486874957824,20385.99663573201,0.7761191938277437
Broome County,2011,45619,103100,645,36,007,200536,596,599,716,934,1096,4.4558333333333335,0.10166666666666667,224.923,3.1396522774535196,0.1696661478769811,0.18834257655801312,20282.05208004517,0.7560040772485149
Broome County,2012,45856,105600,666,36,007,200536,590,593,709,925,1085,3.6559166666666667,0.14,229.58608333333333,2.0731909735035137,0.174284717376134,0.18553733426378227,19973.33607256247,0.6371704030006978
Broome County,2013,45958,107900,678,36,007,200600,528,558,713,1017,1152,3.9819166666666668,0.1075,232.95175,1.4659715509759863,0.1770312024021933,0.18616998128726228,19728.5489377092,0.7049234953653336
Broome County,2014,46368,108300,701,36,007,200600,512,542,692,987,1119,4.172833333333333,0.08916666666666667,236.715,1.6154632879984865,0.18141821946169773,0.17908902691511386,19588.112286927317,0.7570279934437543
Broome County,2015,46261,109900,703,36,007,200600,549,581,742,1058,1199,3.849,0.1325,237.00175000000002,0.12113723253701636,0.18235662869371608,0.19247314152309722,19519.265153105407,0.7018906638421132
Broome County,2016,47744,112300,717,36,007,200600,500,575,729,987,1126,3.6477083333333336,0.395,240.00541666666666,1.2673605433996427,0.18021112600536193,0.18322721179624665,19892.884361984885,0.6573576260891422
Broome County,2017,49064,113100,734,36,007,200600,543,597,767,1038,1192,3.991,1.0016666666666667,245.121,2.1314449500271726,0.17952062612098485,0.1875917169411381,20016.23687892918,0.7164668188488506
Broome County,2018,50859,115600,766,36,007,200600,558,607,781,1029,1157,4.539041666666667,1.8316666666666666,251.0995,2.438999514525486,0.18073497316109244,0.1842741697634637,20254.520618320625,0.8203635738020804
Broome County,2019,52226,117000,776,36,007,200600,609,640,830,1086,1236,3.93375,2.158333333333333,255.65258333333333,1.8132586219141489,0.17830199517481715,0.19070960824110597,20428.504699248428,0.7013954735189369
Broome County,2020,52237,120200,782,36,007,196125,606,634,820,1070,1224,3.1136666666666666,0.37583333333333335,258.85575,1.2529373358571627,0.1796427819361755,0.18837222658269043,20179.96509639056,0.5593477420219385
Broome County,2021,53982,122200,806,36,007,196125,632,654,846,1117,1284,2.9557083333333334,0.08,270.97341666666665,4.681242996018686,0.17917083472268533,0.18806268756252084,19921.511365967326,0.5295767292801304
Broome County,2022,58317,139200,882,36,007,196125,634,668,855,1136,1255,5.3275,1.6833333333333333,292.62641666666667,7.990820747791694,0.1814908174288801,0.1759349760790164,19928.82278513816,0.9668923298523586
Broome County,2023,61059,145100,914,36,007,192042,725,758,964,1261,1366,6.795375,5.024166666666667,304.70300000000003,4.126962791295052,0.1796295386429519,0.18945609983786174,20038.857510428184,1.2206500761558492
Broome County,2024,62616,154900,941,36,007,192042,855,904,1141,1494,1644,6.7236666666666665,5.1433333333333335,313.6981666666667,2.9521096499432797,0.18033729398236872,0.21866615561517824,19960.588442499662,1.2125278523061198
Cattaraugus County,2009,41482,76000,576,36,009,83955,560,562,676,888,1019,5.041375,0.16,214.56466666666665,NA,0.16662648859746396,0.19555469842341255,19333.099267664453,0.8400266139530399
Cattaraugus County,2010,42466,77000,582,36,009,83955,582,583,702,922,1059,4.6905833333333335,0.175,218.07616666666667,1.6365695501278532,0.1644609805491452,0.19837046107474215,19473.012869356808,0.7714179343474781
Cattaraugus County,2011,42754,78400,617,36,009,83955,577,578,696,915,1050,4.4558333333333335,0.10166666666666667,224.923,3.1396522774535196,0.17317677878093277,0.1953501426767086,19008.282834570055,0.7716468634513729
Cattaraugus County,2012,43202,79600,624,36,009,83955,599,601,723,950,1090,3.6559166666666667,0.14,229.58608333333333,2.0731909735035137,0.1733253090134716,0.20082403592426276,18817.342659779395,0.6336628859775011
Cattaraugus County,2013,42603,81100,618,36,009,80317,502,550,694,921,986,3.9819166666666668,0.1075,232.95175,1.4659715509759863,0.17407224843320893,0.1954791916062249,18288.33653320913,0.6931411872403352
Cattaraugus County,2014,43503,83000,617,36,009,80317,479,525,662,879,940,4.172833333333333,0.08916666666666667,236.715,1.6154632879984865,0.17019515895455486,0.18260809599337977,18377.796083898356,0.7101960324575317
Cattaraugus County,2015,42601,84600,617,36,009,80317,517,567,715,949,1016,3.849,0.1325,237.00175000000002,0.12113723253701636,0.17379873711884697,0.2014037229173024,17974.972758639968,0.668951339170442
Cattaraugus County,2016,43884,85100,616,36,009,80317,484,566,693,911,1034,3.6477083333333336,0.395,240.00541666666666,1.2673605433996427,0.16844407984686902,0.18949958982772763,18284.587327022135,0.6144348737580896
Cattaraugus County,2017,45571,86500,626,36,009,80317,519,556,683,931,1036,3.991,1.0016666666666667,245.121,2.1314449500271726,0.16484167562704352,0.179851221171359,18591.226373913294,0.6578831274275307
Cattaraugus County,2018,47240,86200,639,36,009,80317,544,563,697,952,1067,4.539041666666667,1.8316666666666666,251.0995,2.438999514525486,0.16232006773920407,0.1770533446232007,18813.259285661657,0.7367775508044031
Cattaraugus County,2019,48703,88100,655,36,009,80317,566,569,700,967,1079,3.93375,2.158333333333333,255.65258333333333,1.8132586219141489,0.16138636223641253,0.17247397490914318,19050.4626884597,0.6348536024474878
Cattaraugus County,2020,50700,90200,654,36,009,78175,585,585,716,993,1101,3.1136666666666666,0.37583333333333335,258.85575,1.2529373358571627,0.15479289940828403,0.16946745562130178,19586.19810454278,0.48197349112426036
Cattaraugus County,2021,53537,92500,682,36,009,78175,604,607,734,1015,1104,2.9557083333333334,0.08,270.97341666666665,4.681242996018686,0.15286624203821655,0.1645217326335058,19757.288614719586,0.451828025477707
Cattaraugus County,2022,56889,105100,745,36,009,78175,614,618,757,1021,1102,5.3275,1.6833333333333333,292.62641666666667,7.990820747791694,0.15714813057005747,0.15967937562621948,19440.828564976335,0.8372066656119811
Cattaraugus County,2023,58248,109400,759,36,009,76750,653,658,826,1068,1180,6.795375,5.024166666666667,304.70300000000003,4.126962791295052,0.15636588380716934,0.17016893283889575,19116.319826191404,1.0625648176761433
Cattaraugus County,2024,59540,113100,770,36,009,76750,705,709,905,1138,1291,6.7236666666666665,5.1433333333333335,313.6981666666667,2.9521096499432797,0.1551897883775613,0.1823983876385623,18980.028041817266,1.043444407121263
Cayuga County,2009,47414,95000,614,36,011,81963,601,602,722,961,1115,5.041375,0.16,214.56466666666665,NA,0.15539714008520691,0.18273083899270257,22097.766951377518,0.7834152570970601
Cayuga County,2010,48415,98400,629,36,011,81963,624,626,750,998,1159,4.6905833333333335,0.175,218.07616666666667,1.6365695501278532,0.1559020964577094,0.1858928018176185,22200.958839304614,0.7312717752762574
Cayuga County,2011,50140,100200,643,36,011,81963,619,620,744,990,1149,4.4558333333333335,0.10166666666666667,224.923,3.1396522774535196,0.15388911049062626,0.17806142800159552,22292.073287302766,0.6857042281611488
Cayuga County,2012,50950,101500,649,36,011,81963,596,597,716,953,1106,3.6559166666666667,0.14,229.58608333333333,2.0731909735035137,0.152855740922473,0.1686359175662414,22192.11167343549,0.5588278508341511
Cayuga County,2013,51581,106600,660,36,011,80026,534,567,722,947,1130,3.9819166666666668,0.1075,232.95175,1.4659715509759863,0.15354490994746128,0.16796882573040461,22142.353513120208,0.6114030360016286
Cayuga County,2014,51792,109000,666,36,011,80026,551,586,746,978,1168,4.172833333333333,0.08916666666666667,236.715,1.6154632879984865,0.15430954587581094,0.17284522706209454,21879.475318420886,0.6439080166821131
Cayuga County,2015,52082,113600,673,36,011,80026,554,589,749,982,1172,3.849,0.1325,237.00175000000002,0.12113723253701636,0.1550631696171422,0.1725740178948581,21975.365160805773,0.5968381398563803
Cayuga County,2016,53114,117800,695,36,011,80026,535,576,761,998,1152,3.6477083333333336,0.395,240.00541666666666,1.2673605433996427,0.1570207478254321,0.17193207064050908,22130.33386399265,0.5727658903490606
Cayuga County,2017,54664,120000,715,36,011,80026,549,594,784,1019,1146,3.991,1.0016666666666667,245.121,2.1314449500271726,0.15695887604273379,0.1721059563881165,22300.822858914576,0.6264228742865505
Cayuga County,2018,56579,123000,747,36,011,80026,536,594,770,982,1064,4.539041666666667,1.8316666666666666,251.0995,2.438999514525486,0.15843334099224093,0.16331147598932466,22532.5020559579,0.7191355361529896
Cayuga County,2019,58377,128000,763,36,011,80026,562,621,786,994,1081,3.93375,2.158333333333333,255.65258333333333,1.8132586219141489,0.1568425921167583,0.16157048152525824,22834.504247463436,0.6169795467392979
Cayuga County,2020,57985,131700,769,36,011,78320,603,657,817,1032,1127,3.1136666666666666,0.37583333333333335,258.85575,1.2529373358571627,0.15914460636371475,0.169078209881866,22400.506845994343,0.4955232560144865
Cayuga County,2021,59602,138200,799,36,011,78320,638,685,847,1076,1197,2.9557083333333334,0.08,270.97341666666665,4.681242996018686,0.16086708499714775,0.17053119022851582,21995.51555026462,0.47547618368511124
Cayuga County,2022,63227,158900,868,36,011,78320,633,677,846,1072,1199,5.3275,1.6833333333333333,292.62641666666667,7.990820747791694,0.16473974725987314,0.16056431587771047,21606.730082753405,0.8776510035269741
Cayuga County,2023,66583,164200,895,36,011,76958,728,734,937,1181,1371,6.795375,5.024166666666667,304.70300000000003,4.126962791295052,0.161302434555367,0.1688719342775183,21851.77041250004,1.096110531216677
Cayuga County,2024,67904,171000,942,36,011,76958,728,733,958,1210,1409,6.7236666666666665,5.1433333333333335,313.6981666666667,2.9521096499432797,0.1664703110273327,0.16929783223374176,21646.285256156527,1.1192908812441094
Chautauqua County,2009,40179,77800,571,36,013,139750,567,570,683,881,962,5.041375,0.16,214.56466666666665,NA,0.17053684760695886,0.2039871574703203,18725.823139566317,0.8597402001045323
Chautauqua County,2010,40639,79600,581,36,013,139750,589,592,710,916,1000,4.6905833333333335,0.175,218.07616666666667,1.6365695501278532,0.17155933955067793,0.20965082802234308,18635.23218569659,0.8047133787740841
Chautauqua County,2011,41432,80900,596,36,013,139750,584,587,704,908,992,4.4558333333333335,0.10166666666666667,224.923,3.1396522774535196,0.17262019694921799,0.2039003668661904,18420.526135610853,0.7691668275728905
Chautauqua County,2012,41975,82100,606,36,013,139750,595,598,717,925,1010,3.6559166666666667,0.14,229.58608333333333,2.0731909735035137,0.1732459797498511,0.2049791542584872,18282.90260044072,0.6333728648004765
Chautauqua County,2013,42429,83500,609,36,013,134905,511,515,671,952,977,3.9819166666666668,0.1075,232.95175,1.4659715509759863,0.17224068443753093,0.1897758608498904,18213.642953959352,0.6858480520398784
Chautauqua County,2014,42720,84100,611,36,013,134905,485,489,637,904,928,4.172833333333333,0.08916666666666667,236.715,1.6154632879984865,0.17162921348314605,0.1789325842696629,18047.01856663076,0.7161801029962546
Chautauqua County,2015,42993,84500,612,36,013,134905,516,519,677,961,986,3.849,0.1325,237.00175000000002,0.12113723253701636,0.1708185053380783,0.18896099365012908,18140.37238121659,0.6574804270462634
Chautauqua County,2016,43211,85500,619,36,013,134905,536,540,674,902,958,3.6477083333333336,0.395,240.00541666666666,1.2673605433996427,0.17190067343963342,0.1871745620328157,18004.176989061012,0.6270435190113629
Chautauqua County,2017,44304,85800,631,36,013,134905,548,551,704,937,1036,3.991,1.0016666666666667,245.121,2.1314449500271726,0.1709100758396533,0.19068255687973998,18074.338795941596,0.6821021126760564
Chautauqua County,2018,45332,86300,649,36,013,134905,554,557,697,910,1040,4.539041666666667,1.8316666666666666,251.0995,2.438999514525486,0.17179917056384011,0.184505426630195,18053.401141778457,0.7798035934880438
Chautauqua County,2019,46820,88000,659,36,013,134905,555,567,700,908,1050,3.93375,2.158333333333333,255.65258333333333,1.8132586219141489,0.16890217855617257,0.1794105083297736,18313.916248971997,0.6644189448953438
Chautauqua County,2020,48315,92900,675,36,013,130845,540,594,725,935,1063,3.1136666666666666,0.37583333333333335,258.85575,1.2529373358571627,0.167649798199317,0.18006830176963676,18664.835530985885,0.5220055883266067
Chautauqua County,2021,50408,96000,694,36,013,130845,557,611,747,975,1065,2.9557083333333334,0.08,270.97341666666665,4.681242996018686,0.1652118711315664,0.1778289160450722,18602.562797519193,0.4883181042691636
Chautauqua County,2022,54625,110900,759,36,013,130845,518,613,757,979,1062,5.3275,1.6833333333333333,292.62641666666667,7.990820747791694,0.16673684210526316,0.1662974828375286,18667.14585177859,0.8882905263157894
Chautauqua County,2023,56507,119300,797,36,013,127584,575,657,826,1059,1123,6.795375,5.024166666666667,304.70300000000003,4.126962791295052,0.16925336683950662,0.17541189587130798,18544.94376491206,1.1501400976870122
Chautauqua County,2024,58351,127900,812,36,013,127584,662,711,905,1168,1205,6.7236666666666665,5.1433333333333335,313.6981666666667,2.9521096499432797,0.16698942605953626,0.1861150622954191,18601.001280955312,1.1227812376823019
Chemung County,2009,42420,84000,637,36,015,91070,635,636,764,982,1023,5.041375,0.16,214.56466666666665,NA,0.1801980198019802,0.21612446958981613,19770.26351030148,0.908445792079208
Chemung County,2010,44502,85900,647,36,015,91070,659,661,793,1019,1062,4.6905833333333335,0.175,218.07616666666667,1.6365695501278532,0.17446406903060538,0.2138330861534313,20406.63162794039,0.8183382544604738
Chemung County,2011,46589,89400,673,36,015,91070,653,655,786,1010,1052,4.4558333333333335,0.10166666666666667,224.923,3.1396522774535196,0.1733456395286441,0.20245122239155167,20713.310777466068,0.7723992787997167
Chemung County,2012,48128,91800,686,36,015,91070,639,641,769,988,1030,3.6559166666666667,0.14,229.58608333333333,2.0731909735035137,0.17104388297872342,0.19173869680851063,20962.9430936036,0.625322182513298
Chemung County,2013,48804,94300,692,36,015,88830,467,561,736,943,1057,3.9819166666666668,0.1075,232.95175,1.4659715509759863,0.17014998770592574,0.18096877305138923,20950.26115923147,0.6775230718793541
Chemung County,2014,49685,97800,707,36,015,88830,500,600,787,1009,1130,4.172833333333333,0.08916666666666667,236.715,1.6154632879984865,0.17075576129616585,0.19007748817550568,20989.37540924741,0.7125353325953507
Chemung County,2015,50320,100400,713,36,015,88830,481,578,758,971,1088,3.849,0.1325,237.00175000000002,0.12113723253701636,0.17003179650238473,0.1807631160572337,21231.910734836343,0.6544523847376789
Chemung County,2016,49578,101800,723,36,015,88830,568,712,895,1126,1227,3.6477083333333336,0.395,240.00541666666666,1.2673605433996427,0.1749969744644802,0.21662834321674937,20657.033782223665,0.638337922062205
Chemung County,2017,51251,105500,764,36,015,88830,577,641,815,1037,1123,3.991,1.0016666666666667,245.121,2.1314449500271726,0.17888431445240094,0.19082554486741723,20908.449296469906,0.7139272989795321
Chemung County,2018,53299,106500,805,36,015,88830,581,640,807,1037,1099,4.539041666666667,1.8316666666666666,251.0995,2.438999514525486,0.18124167432784855,0.18169196420195502,21226.246965844217,0.822663511510535
Chemung County,2019,54940,105800,813,36,015,88830,630,663,834,1074,1127,3.93375,2.158333333333333,255.65258333333333,1.8132586219141489,0.17757553694939934,0.1821623589370222,21490.101638584394,0.6985377684746996
Chemung County,2020,54883,108900,862,36,015,86885,647,671,839,1108,1146,3.1136666666666666,0.37583333333333335,258.85575,1.2529373358571627,0.18847366215403677,0.18344478253739774,21202.15602705368,0.5868441593936191
Chemung County,2021,58175,114600,918,36,015,86885,729,733,924,1220,1283,2.9557083333333334,0.08,270.97341666666665,4.681242996018686,0.18935969058874086,0.1905973356252686,21468.89562660052,0.5596920154705629
Chemung County,2022,61358,128200,991,36,015,86885,738,743,944,1241,1339,5.3275,1.6833333333333333,292.62641666666667,7.990820747791694,0.19381335767137128,0.1846214022621337,20968.031765188665,1.0325406629942304
Chemung County,2023,63469,132100,1020,36,015,84115,808,810,1039,1333,1481,6.795375,5.024166666666667,304.70300000000003,4.126962791295052,0.19285005278167294,0.1964423576864296,20829.791633164095,1.3104884274212607
Chemung County,2024,63716,141100,1059,36,015,84115,905,922,1208,1560,1697,6.7236666666666665,5.1433333333333335,313.6981666666667,2.9521096499432797,0.19944754849645302,0.22750957373344216,20311.24398240559,1.3410188335739845
Chenango County,2009,43991,84900,558,36,017,51401,565,569,681,858,1196,5.041375,0.16,214.56466666666665,NA,0.15221295264940557,0.18576527016889818,20502.44370772448,0.7673625741628971
Chenango County,2010,43943,88200,566,36,017,51401,586,590,707,891,1241,4.6905833333333335,0.175,218.07616666666667,1.6365695501278532,0.15456386682748105,0.1930682930159525,20150.29916917407,0.7249946976765356
Chenango County,2011,44662,89700,575,36,017,51401,581,585,701,883,1231,4.4558333333333335,0.10166666666666667,224.923,3.1396522774535196,0.15449375307867985,0.18834803636200798,19856.573138362906,0.688398414759751
Chenango County,2012,44127,90400,592,36,017,51401,579,584,699,881,1227,3.6559166666666667,0.14,229.58608333333333,2.0731909735035137,0.16098987014752872,0.19008770140730166,19220.241645018406,0.5885655494368527
Chenango County,2013,43941,90600,602,36,017,50477,531,534,670,950,981,3.9819166666666668,0.1075,232.95175,1.4659715509759863,0.1644022666757698,0.18297262238000955,18862.704401233303,0.6546361257140256
Chenango County,2014,44427,91800,612,36,017,50477,505,508,637,903,933,4.172833333333333,0.08916666666666667,236.715,1.6154632879984865,0.16530488216625025,0.17205753258153825,18768.138901210314,0.6897897224660678
Chenango County,2015,45668,91700,637,36,017,50477,520,523,656,930,960,3.849,0.1325,237.00175000000002,0.12113723253701636,0.16738197424892703,0.17237452921082597,19269.05603017699,0.6442532188841202
Chenango County,2016,46979,93400,632,36,017,50477,560,584,680,971,1069,3.6477083333333336,0.395,240.00541666666666,1.2673605433996427,0.1614338321377637,0.17369462951531536,19574.14155583294,0.5888635347708552
Chenango County,2017,48567,95900,645,36,017,50477,587,591,717,974,1098,3.991,1.0016666666666667,245.121,2.1314449500271726,0.1593674717400704,0.1771573290505899,19813.479873205477,0.636035579714621
Chenango County,2018,50595,97000,667,36,017,50477,577,581,717,919,1023,4.539041666666667,1.8316666666666666,251.0995,2.438999514525486,0.1581974503409428,0.17005632967684553,20149.383013506595,0.7180648186579702
Chenango County,2019,52002,98400,678,36,017,50477,553,598,741,931,1010,3.93375,2.158333333333333,255.65258333333333,1.8132586219141489,0.15645552094150225,0.17099342332987194,20340.885791948775,0.6154569055036344
Chenango County,2020,51756,102300,692,36,017,48765,546,629,780,978,1057,3.1136666666666666,0.37583333333333335,258.85575,1.2529373358571627,0.16044516577788082,0.18084859726408534,19994.147319501306,0.4995727645103949
Chenango County,2021,55690,107900,714,36,017,48765,543,646,791,1007,1073,2.9557083333333334,0.08,270.97341666666665,4.681242996018686,0.15385167893697252,0.17044352666546955,20551.831498846288,0.4547406895313342
Chenango County,2022,61741,121100,798,36,017,48765,525,638,767,979,1044,5.3275,1.6833333333333333,292.62641666666667,7.990820747791694,0.1550995286762443,0.14907435901588895,21098.915369055594,0.8262927390226914
Chenango County,2023,62093,128100,819,36,017,47527,577,696,829,1077,1192,6.795375,5.024166666666667,304.70300000000003,4.126962791295052,0.15827871096580934,0.16021129595928688,20378.204349809486,1.0755631955292866
Chenango County,2024,62948,137900,875,36,017,47527,672,777,905,1214,1354,6.7236666666666665,5.1433333333333335,313.6981666666667,2.9521096499432797,0.1668043464446845,0.17252335260850227,20066.42265999854,1.1215368240452437
Clinton County,2009,47786,112400,650,36,019,79894,637,640,767,974,1266,5.041375,0.16,214.56466666666665,NA,0.1632277236010547,0.19260871384924455,22271.141256559797,0.8228921650692672
Clinton County,2010,47489,117800,659,36,019,79894,662,665,797,1012,1316,4.6905833333333335,0.175,218.07616666666667,1.6365695501278532,0.16652277369496093,0.2013940070332077,21776.3365551944,0.7810889469140222
Clinton County,2011,49260,119600,693,36,019,79894,656,659,790,1003,1304,4.4558333333333335,0.10166666666666667,224.923,3.1396522774535196,0.16881851400730816,0.19244823386114496,21900.828283457005,0.752227161997564
Clinton County,2012,50522,122500,713,36,019,79894,655,657,788,1001,1301,3.6559166666666667,0.14,229.58608333333333,2.0731909735035137,0.16935196548038478,0.187165987094731,22005.689224049223,0.6191366731324968
Clinton County,2013,50282,122900,719,36,019,82128,514,577,737,989,1067,3.9819166666666668,0.1075,232.95175,1.4659715509759863,0.1715922198798775,0.17588799172666164,21584.72730941064,0.6832659202100155
Clinton County,2014,50985,125200,736,36,019,82128,567,638,814,1092,1178,4.172833333333333,0.08916666666666667,236.715,1.6154632879984865,0.17322741982936157,0.19158576051779935,21538.55902667765,0.7228491517112876
Clinton County,2015,49930,124200,744,36,019,82128,589,662,845,1134,1223,3.849,0.1325,237.00175000000002,0.12113723253701636,0.17881033446825556,0.20308431804526336,21067.35498788511,0.6882409773683157
Clinton County,2016,50502,127500,748,36,019,82128,482,656,782,988,1072,3.6477083333333336,0.395,240.00541666666666,1.2673605433996427,0.17773553522632768,0.18581442319116073,21042.025093183664,0.6483273929745358
Clinton County,2017,52759,129000,762,36,019,82128,567,716,852,1098,1174,3.991,1.0016666666666667,245.121,2.1314449500271726,0.17331640099319548,0.1937868420553839,21523.655663937403,0.6917057563638431
Clinton County,2018,55178,132000,796,36,019,82128,568,663,808,1040,1100,4.539041666666667,1.8316666666666666,251.0995,2.438999514525486,0.17311247236217334,0.1757222081264272,21974.555903138,0.7857647250715866
Clinton County,2019,56365,134100,810,36,019,82128,567,659,810,1052,1131,3.93375,2.158333333333333,255.65258333333333,1.8132586219141489,0.17244744078772287,0.17244744078772287,22047.4987051112,0.6783651201987048
Clinton County,2020,59510,139600,835,36,019,81225,636,671,842,1092,1168,3.1136666666666666,0.37583333333333335,258.85575,1.2529373358571627,0.16837506301461938,0.16978659048899344,22989.6380513085,0.5242638212065198
Clinton County,2021,62470,143800,872,36,019,81225,692,697,884,1150,1266,2.9557083333333334,0.08,270.97341666666665,4.681242996018686,0.16750440211301423,0.16980950856411078,23053.921956059035,0.4950941571954538
Clinton County,2022,67097,165200,944,36,019,81225,682,686,884,1134,1219,5.3275,1.6833333333333333,292.62641666666667,7.990820747791694,0.168830201052208,0.1580994679344829,22929.23542730962,0.8994428961056381
Clinton County,2023,69208,175100,956,36,019,80320,774,779,992,1244,1341,6.795375,5.024166666666667,304.70300000000003,4.126962791295052,0.16576118367818748,0.17200323662004394,22713.265048260106,1.1264094035371632
Clinton County,2024,71224,180600,1003,36,019,80320,821,826,1047,1283,1395,6.7236666666666665,5.1433333333333335,313.6981666666667,2.9521096499432797,0.16898798157924294,0.17640121307424464,22704.62743114533,1.1362188588116364
Columbia County,2009,54573,212200,730,36,021,63094,696,710,837,1011,1078,5.041375,0.16,214.56466666666665,NA,0.16051893793634214,0.1840470562366005,25434.290206216,0.809236160738827
Columbia County,2010,55546,221900,751,36,021,63094,722,737,869,1050,1119,4.6905833333333335,0.175,218.07616666666667,1.6365695501278532,0.16224390595182372,0.18773629064199043,25470.9172712592,0.7610185611925252
Columbia County,2011,56185,224100,800,36,021,63094,716,731,862,1041,1110,4.4558333333333335,0.10166666666666667,224.923,3.1396522774535196,0.17086410963780368,0.18410607813473348,24979.659705765975,0.761341995194447
Columbia County,2012,56445,223100,846,36,021,63094,693,707,834,1007,1074,3.6559166666666667,0.14,229.58608333333333,2.0731909735035137,0.17985649747541854,0.17730534148285942,24585.549428990507,0.6575403667286739
Columbia County,2013,57336,221600,851,36,021,63096,655,659,819,1062,1362,3.9819166666666668,0.1075,232.95175,1.4659715509759863,0.17810799497697782,0.17141063206362495,24612.82218313449,0.709211193665411
Columbia County,2014,58625,222800,870,36,021,63096,717,721,896,1161,1490,4.172833333333333,0.08916666666666667,236.715,1.6154632879984865,0.17808102345415777,0.18340298507462688,24766.06890142154,0.7431024307036247
Columbia County,2015,59105,222100,884,36,021,63096,738,743,923,1196,1535,3.849,0.1325,237.00175000000002,0.12113723253701636,0.17947720159039,0.18739531342526014,24938.6344193661,0.6908077489214111
Columbia County,2016,59916,222300,877,36,021,63096,695,711,923,1165,1359,3.6477083333333336,0.395,240.00541666666666,1.2673605433996427,0.17564590426597237,0.18485880232325255,24964.436566535827,0.6407050287068563
Columbia County,2017,61093,224600,886,36,021,63096,718,737,950,1224,1342,3.991,1.0016666666666667,245.121,2.1314449500271726,0.17402975791007153,0.18660075622411734,24923.609156294235,0.6945527638190955
Columbia County,2018,63032,231100,931,36,021,63096,709,746,951,1246,1325,4.539041666666667,1.8316666666666666,251.0995,2.438999514525486,0.17724330498794263,0.18105089478360198,25102.39964635533,0.8045147464779795
Columbia County,2019,66787,233600,928,36,021,63096,688,748,936,1263,1296,3.93375,2.158333333333333,255.65258333333333,1.8132586219141489,0.16673903603994789,0.1681764415230509,26124.12482956199,0.6559096830221449
Columbia County,2020,68750,236500,944,36,021,61480,704,786,965,1299,1333,3.1136666666666666,0.37583333333333335,258.85575,1.2529373358571627,0.16477090909090908,0.16843636363636363,26559.193682195586,0.5130416872727273
Columbia County,2021,73065,250600,992,36,021,61480,761,855,1028,1360,1394,2.9557083333333334,0.08,270.97341666666665,4.681242996018686,0.16292342434818313,0.16883596797372202,26963.89959531701,0.48155412304112777
Columbia County,2022,81741,283700,1114,36,021,61480,790,860,1012,1302,1372,5.3275,1.6833333333333333,292.62641666666667,7.990820747791694,0.16354094028700408,0.1485668146951958,27933.568312498555,0.8712643593790143
Columbia County,2023,83619,309800,1199,36,021,60016,913,952,1107,1392,1487,6.795375,5.024166666666667,304.70300000000003,4.126962791295052,0.17206615721307358,0.15886341620923475,27442.78855147471,1.1692540630717898
Columbia County,2024,81528,347100,1260,36,021,60016,1032,1042,1190,1439,1585,6.7236666666666665,5.1433333333333335,313.6981666666667,2.9521096499432797,0.18545775684427435,0.17515454813070355,25989.313506773233,1.2469561377686191
Cortland County,2009,44853,91200,656,36,023,48599,607,609,743,944,1159,5.041375,0.16,214.56466666666665,NA,0.17550665507323926,0.19878269012106214,20904.187393388784,0.8847948632198517
Cortland County,2010,45338,95100,655,36,023,48599,630,631,771,980,1203,4.6905833333333335,0.175,218.07616666666667,1.6365695501278532,0.17336450659490935,0.2040672283735498,20789.983927633846,0.8131806652256386
Cortland County,2011,45956,98400,668,36,023,48599,625,627,765,972,1193,4.4558333333333335,0.10166666666666667,224.923,3.1396522774535196,0.17442771346505354,0.19975628862390113,20431.881132654285,0.777220819914701
Cortland County,2012,47497,101900,684,36,023,48599,618,620,757,962,1181,3.6559166666666667,0.14,229.58608333333333,2.0731909735035137,0.17281091437353938,0.19125418447480894,20688.10065070001,0.6317823020401289
Cortland County,2013,47151,105700,670,36,023,49336,575,584,727,939,972,3.9819166666666668,0.1075,232.95175,1.4659715509759863,0.17051600178151047,0.18502258700769866,20240.67215635856,0.6789805094271596
Cortland County,2014,48404,105200,675,36,023,49336,592,601,749,967,1001,4.172833333333333,0.08916666666666667,236.715,1.6154632879984865,0.16734154202132054,0.18568713329476902,20448.218321610373,0.6982883645979671
Cortland County,2015,49514,108200,684,36,023,49336,594,603,751,970,1004,3.849,0.1325,237.00175000000002,0.12113723253701636,0.16577129700690713,0.18200912873126793,20891.82885780379,0.6380537221795856
Cortland County,2016,50910,111400,700,36,023,49336,582,609,741,959,1016,3.6477083333333336,0.395,240.00541666666666,1.2673605433996427,0.16499705362404243,0.1746611667648792,21212.021256464697,0.6018611274798665
Cortland County,2017,52451,113900,742,36,023,49336,626,639,782,1014,1078,3.991,1.0016666666666667,245.121,2.1314449500271726,0.16975844121179767,0.17890983965987303,21398.003435038205,0.6775059388762845
Cortland County,2018,54489,118100,764,36,023,49336,627,647,784,1006,1082,4.539041666666667,1.8316666666666666,251.0995,2.438999514525486,0.16825414303804437,0.17265870175631778,21700.16268451351,0.7637125658389766
Cortland County,2019,56023,123800,778,36,023,49336,628,664,793,1023,1130,3.93375,2.158333333333333,255.65258333333333,1.8132586219141489,0.1666458418863681,0.1698588079895757,21913.723409144768,0.6555430805205005
Cortland County,2020,59194,126700,787,36,023,48335,666,717,849,1070,1199,3.1136666666666666,0.37583333333333335,258.85575,1.2529373358571627,0.15954319694563637,0.17211203838226846,22867.562339256518,0.4967643342230631
Cortland County,2021,62163,130000,811,36,023,48335,678,733,870,1083,1285,2.9557083333333334,0.08,270.97341666666665,4.681242996018686,0.15655615076492446,0.16794556247285364,22940.62670969262,0.46273431945047694
Cortland County,2022,65029,148200,884,36,023,48335,697,723,867,1072,1384,5.3275,1.6833333333333333,292.62641666666667,7.990820747791694,0.16312722016331174,0.15999015823709423,22222.53231295762,0.8690602654200432
Cortland County,2023,67527,158100,911,36,023,47618,775,780,947,1153,1613,6.795375,5.024166666666667,304.70300000000003,4.126962791295052,0.16189079923586122,0.16828824025945177,22161.580292940995,1.1001086898573904
Cortland County,2024,70418,162100,984,36,023,47618,800,805,992,1215,1683,6.7236666666666665,5.1433333333333335,313.6981666666667,2.9521096499432797,0.16768439887528758,0.1690476866710216,22447.69255372335,1.1274540032378086
Delaware County,2009,41656,126300,579,36,025,48055,572,575,689,852,1121,5.041375,0.16,214.56466666666665,NA,0.16679469944305741,0.19848281159976955,19414.19370073358,0.8408746279047437
Delaware County,2010,42967,126700,598,36,025,48055,593,596,715,884,1163,4.6905833333333335,0.175,218.07616666666667,1.6365695501278532,0.16701189284799964,0.19968813275304304,19702.749115943436,0.7833832010612797
Delaware County,2011,43554,133000,616,36,025,48055,588,591,709,876,1154,4.4558333333333335,0.10166666666666667,224.923,3.1396522774535196,0.16972034715525555,0.1953437112549938,19363.960110793472,0.7562455801992929
Delaware County,2012,43004,132400,637,36,025,48055,578,580,696,860,1132,3.6559166666666667,0.14,229.58608333333333,2.0731909735035137,0.1777509068923821,0.194214491675193,18731.100498614716,0.6498425030229746
Delaware County,2013,44470,133200,662,36,025,47980,536,540,681,853,979,3.9819166666666668,0.1075,232.95175,1.4659715509759863,0.17863728356195188,0.18376433550708343,19089.790053090393,0.7113187767033956
Delaware County,2014,44183,133600,672,36,025,47980,525,529,667,836,959,4.172833333333333,0.08916666666666667,236.715,1.6154632879984865,0.18251363646651428,0.18115564809994794,18665.061360708023,0.7615989860353529
Delaware County,2015,43720,132400,668,36,025,47980,566,569,718,900,1032,3.849,0.1325,237.00175000000002,0.12113723253701636,0.18334858188472095,0.1970722781335773,18447.1211710462,0.705708691674291
Delaware County,2016,46055,135200,682,36,025,47980,576,580,729,906,1025,3.6477083333333336,0.395,240.00541666666666,1.2673605433996427,0.1777005753989795,0.1899468027358593,19189.150244872944,0.6481998697209859
Delaware County,2017,47921,138000,696,36,025,47980,584,588,762,967,1050,3.991,1.0016666666666667,245.121,2.1314449500271726,0.1742868471025229,0.19081404812086558,19549.93656194288,0.6955788067861689
Delaware County,2018,48827,136300,696,36,025,47980,571,575,747,951,1017,4.539041666666667,1.8316666666666666,251.0995,2.438999514525486,0.17105290105884038,0.18358694984332438,19445.27966005508,0.7764162451102873
Delaware County,2019,49544,139300,691,36,025,47980,591,595,749,974,1012,3.93375,2.158333333333333,255.65258333333333,1.8132586219141489,0.16736638139835297,0.18141450024220895,19379.424746669552,0.658377502825771
Delaware County,2020,49945,144000,700,36,025,45950,628,632,772,1036,1046,3.1136666666666666,0.37583333333333335,258.85575,1.2529373358571627,0.16818500350385424,0.18548403243567924,19294.529868469213,0.5236720392431674
Delaware County,2021,52757,147600,723,36,025,45950,646,650,764,1032,1036,2.9557083333333334,0.08,270.97341666666665,4.681242996018686,0.1644521106203916,0.17377788729457702,19469.43750017299,0.48607247379494667
Delaware County,2022,58338,160400,785,36,025,45950,647,651,757,1029,1033,5.3275,1.6833333333333333,292.62641666666667,7.990820747791694,0.16147279646199733,0.15571325722513626,19935.999170728774,0.8602463231512907
Delaware County,2023,60226,176200,848,36,025,44676,715,723,826,1135,1139,6.795375,5.024166666666667,304.70300000000003,4.126962791295052,0.16896357055092484,0.16458008169229238,19765.476546013655,1.148170823232491
Delaware County,2024,63337,183100,880,36,025,44676,785,798,905,1275,1280,6.7236666666666665,5.1433333333333335,313.6981666666667,2.9521096499432797,0.16672718947850387,0.17146375736141592,20190.42721001982,1.1210180463236339
Dutchess County,2009,68472,324400,1022,36,027,280150,776,913,1117,1369,1459,5.041375,0.16,214.56466666666665,NA,0.17910970907816334,0.19575885033298282,31912.057592582813,0.9029592096039258
Dutchess County,2010,69838,323300,1038,36,027,280150,784,922,1128,1383,1473,4.6905833333333335,0.175,218.07616666666667,1.6365695501278532,0.17835562301325925,0.19381998339013146,32024.59079664062,0.836591912712277
Dutchess County,2011,71125,314500,1067,36,027,280150,803,944,1156,1417,1510,4.4558333333333335,0.10166666666666667,224.923,3.1396522774535196,0.18002108963093147,0.19503690685413005,31621.932839238314,0.8021439718804921
Dutchess County,2012,71508,299400,1086,36,027,280150,826,971,1189,1458,1553,3.6559166666666667,0.14,229.58608333333333,2.0731909735035137,0.18224534317838564,0.1995301225037758,31146.487174563787,0.6662737875482464
Dutchess County,2013,72525,289400,1105,36,027,297488,853,984,1211,1517,1618,3.9819166666666668,0.1075,232.95175,1.4659715509759863,0.1828335056876939,0.2003722854188211,31133.05652350755,0.7280277835229232
Dutchess County,2014,72471,282100,1124,36,027,297488,886,1023,1258,1576,1681,4.172833333333333,0.08916666666666667,236.715,1.6154632879984865,0.18611582564060106,0.2083040112596763,30615.296875990116,0.7766303210939548
Dutchess County,2015,71904,275600,1130,36,027,297488,837,966,1188,1488,1588,3.849,0.1325,237.00175000000002,0.12113723253701636,0.18858477970627505,0.19826435246995994,30339.016484055497,0.7258628170894527
Dutchess County,2016,72706,274300,1141,36,027,297488,842,1036,1271,1615,1853,3.6477083333333336,0.395,240.00541666666666,1.2673605433996427,0.18832008362446015,0.20977635958517865,30293.48295958598,0.6869367383709736
Dutchess County,2017,75585,275200,1174,36,027,297488,857,1021,1269,1628,1888,3.991,1.0016666666666667,245.121,2.1314449500271726,0.18638618773566185,0.20146854534629888,30835.791303070728,0.7438672752530264
Dutchess County,2018,78028,278100,1194,36,027,297488,916,1057,1321,1692,2000,4.539041666666667,1.8316666666666666,251.0995,2.438999514525486,0.18362639052647767,0.20315784077510637,31074.53419859458,0.8334878376992875
Dutchess County,2019,81219,282000,1220,36,027,297488,969,1073,1346,1721,2008,3.93375,2.158333333333333,255.65258333333333,1.8132586219141489,0.18025338898533594,0.19886972260185426,31769.285857011026,0.7090717689210653
Dutchess County,2020,81842,290700,1237,36,027,295685,1021,1112,1397,1780,2049,3.1136666666666666,0.37583333333333335,258.85575,1.2529373358571627,0.18137386671879963,0.20483370396617873,31616.83679037456,0.564737763006769
Dutchess County,2021,87112,304600,1314,36,027,295685,1088,1160,1467,1868,2097,2.9557083333333334,0.08,270.97341666666665,4.681242996018686,0.18100835705758103,0.20208467260538157,32147.802936388904,0.5350079093580677
Dutchess County,2022,94578,348700,1425,36,027,295685,1033,1107,1412,1796,2022,5.3275,1.6833333333333333,292.62641666666667,7.990820747791694,0.180803146609148,0.17915371439446806,32320.390304247423,0.9632287635602359
Dutchess County,2023,97273,368100,1522,36,027,293524,1126,1233,1583,2016,2238,6.795375,5.024166666666667,304.70300000000003,4.126962791295052,0.18776022123302458,0.19528543377915764,31923.873411157747,1.2759011133613645
Dutchess County,2024,99478,400600,1582,36,027,293524,1237,1419,1825,2315,2560,6.7236666666666665,5.1433333333333335,313.6981666666667,2.9521096499432797,0.1908361647801524,0.22014917871288123,31711.374362510884,1.283118759926818
Erie County,2009,46609,112800,672,36,029,950265,601,602,723,894,988,5.041375,0.16,214.56466666666665,NA,0.1730137956188719,0.1861443068935184,21722.588683442755,0.8722274238880904
Erie County,2010,47372,117700,686,36,029,950265,605,606,728,901,994,4.6905833333333335,0.175,218.07616666666667,1.6365695501278532,0.17377353711052942,0.18441273326015367,21722.68557545261,0.8150992569450308
Erie County,2011,48805,120600,704,36,029,950265,603,605,726,898,992,4.4558333333333335,0.10166666666666667,224.923,3.1396522774535196,0.1730970187480791,0.17850630058395656,21698.536832604936,0.7712914660383158
Erie County,2012,49977,123400,713,36,029,950265,597,599,719,889,982,3.6559166666666667,0.14,229.58608333333333,2.0731909735035137,0.1711987514256558,0.17263941413050002,21768.305497611098,0.6258883686495788
Erie County,2013,50653,124300,724,36,029,919040,557,591,736,941,1065,3.9819166666666668,0.1075,232.95175,1.4659715509759863,0.17151994946005172,0.17436282155054983,21743.987757121376,0.6829781454208043
Erie County,2014,51050,126700,738,36,029,919040,537,570,710,908,1027,4.172833333333333,0.08916666666666667,236.715,1.6154632879984865,0.1734769833496572,0.16689520078354556,21566.018207549165,0.7238905386875611
Erie County,2015,51247,130000,739,36,029,919040,581,617,768,982,1111,3.849,0.1325,237.00175000000002,0.12113723253701636,0.17304427576248366,0.17983491716588287,21623.04708720505,0.6660474174097997
Erie County,2016,52744,134600,752,36,029,919040,589,626,755,959,1098,3.6477083333333336,0.395,240.00541666666666,1.2673605433996427,0.17109055058395267,0.17177309267404822,21976.170676703478,0.6240884271196724
Erie County,2017,54006,139900,778,36,029,919040,658,666,810,1029,1189,3.991,1.0016666666666667,245.121,2.1314449500271726,0.17286968114653928,0.17998000222197533,22032.384006266293,0.6899228974558382
Erie County,2018,55673,146500,804,36,029,919040,641,660,799,1002,1163,4.539041666666667,1.8316666666666666,251.0995,2.438999514525486,0.17329764877049916,0.17221992707416522,22171.688912164303,0.7866052485046612
Erie County,2019,58121,153400,829,36,029,919040,671,695,838,1050,1204,3.93375,2.158333333333333,255.65258333333333,1.8132586219141489,0.17116016586087646,0.17301835825261094,22734.36835340669,0.6733013024552227
Erie County,2020,59464,160700,852,36,029,923995,674,703,843,1051,1190,3.1136666666666666,0.37583333333333335,258.85575,1.2529373358571627,0.1719359612538679,0.17011973631104535,22971.86753626296,0.53535127135746
Erie County,2021,62578,169100,893,36,029,923995,743,772,920,1144,1284,2.9557083333333334,0.08,270.97341666666665,4.681242996018686,0.17124228962255106,0.17641982805458786,23093.778264227025,0.5061422624564543
Erie County,2022,68014,197400,984,36,029,923995,774,812,963,1190,1334,5.3275,1.6833333333333333,292.62641666666667,7.990820747791694,0.17361131531743465,0.1699061957832211,23242.60426476648,0.924914282353633
Erie County,2023,71175,217400,1037,36,029,918873,869,908,1069,1309,1470,6.795375,5.024166666666667,304.70300000000003,4.126962791295052,0.17483667017913593,0.180231822971549,23358.811695322984,1.1880807376185458
Erie County,2024,72839,233800,1090,36,029,918873,951,992,1163,1424,1604,6.7236666666666665,5.1433333333333335,313.6981666666667,2.9521096499432797,0.17957412924394897,0.19160065349606667,23219.453519279945,1.2073965869932315
Essex County,2009,44930,146300,642,36,031,38851,600,601,722,960,1044,5.041375,0.16,214.56466666666665,NA,0.1714667260182506,0.19283329623859335,20940.074010321674,0.8644280658802582
Essex County,2010,45216,148100,675,36,031,38851,623,625,750,998,1085,4.6905833333333335,0.175,218.07616666666667,1.6365695501278532,0.17914012738853502,0.19904458598726116,20734.040170980017,0.8402716958598726
Essex County,2011,46629,153200,707,36,031,38851,618,620,744,990,1076,4.4558333333333335,0.10166666666666667,224.923,3.1396522774535196,0.18194685710609276,0.19146882841150356,20731.09464127724,0.810724870788565
Essex County,2012,47400,149900,743,36,031,38851,642,643,772,1027,1116,3.6559166666666667,0.14,229.58608333333333,2.0731909735035137,0.1881012658227848,0.19544303797468354,20645.85070305873,0.687682552742616
Essex County,2013,47380,146600,780,36,031,39370,523,614,788,981,1216,3.9819166666666668,0.1075,232.95175,1.4659715509759863,0.19755170958210216,0.1995778809624314,20338.975775026374,0.7866344449134657
Essex County,2014,50322,145800,789,36,031,39370,542,636,817,1018,1261,4.172833333333333,0.08916666666666667,236.715,1.6154632879984865,0.18814832478836294,0.19482532490759508,21258.475381788227,0.7851116012877071
Essex County,2015,52758,145100,805,36,031,39370,553,650,834,1039,1287,3.849,0.1325,237.00175000000002,0.12113723253701636,0.18310019333560787,0.1896963493688161,22260.595122187915,0.7047526441487547
Essex County,2016,53244,144100,792,36,031,39370,532,681,844,1047,1157,3.6477083333333336,0.395,240.00541666666666,1.2673605433996427,0.17849898580121704,0.19021861618210503,22184.499308175335,0.6511122379986478
Essex County,2017,55294,146900,798,36,031,39370,571,711,883,1129,1217,3.991,1.0016666666666667,245.121,2.1314449500271726,0.17318334719861106,0.1916301949578616,22557.838781662933,0.6911747386696567
Essex County,2018,56196,151900,802,36,031,39370,589,689,864,1148,1181,4.539041666666667,1.8316666666666666,251.0995,2.438999514525486,0.17125774076446723,0.18449711723254325,22379.97287927694,0.7773460210691153
Essex County,2019,56763,153600,812,36,031,39370,625,683,847,1133,1163,3.93375,2.158333333333333,255.65258333333333,1.8132586219141489,0.1716611172770995,0.17906030336662968,22203.17872790255,0.6752719200887902
Essex County,2020,58109,160400,810,36,031,38235,663,710,863,1164,1179,3.1136666666666666,0.37583333333333335,258.85575,1.2529373358571627,0.16727185117623777,0.178216799463078,22448.409973508413,0.520828787279079
Essex County,2021,61563,162700,845,36,031,38235,680,719,853,1157,1161,2.9557083333333334,0.08,270.97341666666665,4.681242996018686,0.16470932215778958,0.16626870035573316,22719.202775426005,0.4868327160794633
Essex County,2022,68090,189500,875,36,031,38235,691,739,844,1162,1166,5.3275,1.6833333333333333,292.62641666666667,7.990820747791694,0.15420766632398297,0.14874430900279043,23268.575945951565,0.8215413423410193
Essex County,2023,70215,200000,890,36,031,37281,788,822,934,1316,1365,6.795375,5.024166666666667,304.70300000000003,4.126962791295052,0.15210425122837,0.1596240119632557,23043.7507999593,1.0336054261909848
Essex County,2024,71661,211900,934,36,031,37281,824,828,971,1309,1446,6.7236666666666665,5.1433333333333335,313.6981666666667,2.9521096499432797,0.15640306442835014,0.1625989031690878,22843.93331381705,1.0516020708614169
Franklin County,2009,40587,85200,584,36,033,51134,550,552,659,846,936,5.041375,0.16,214.56466666666665,NA,0.17266612462118414,0.19484071254342525,18915.975603314622,0.8704746840121222
Franklin County,2010,42050,88800,583,36,033,51134,571,573,684,878,972,4.6905833333333335,0.175,218.07616666666667,1.6365695501278532,0.16637336504161712,0.19519619500594532,19282.253830274898,0.7803881331747919
Franklin County,2011,43673,91400,630,36,033,51134,566,567,678,871,963,4.4558333333333335,0.10166666666666667,224.923,3.1396522774535196,0.17310466420900786,0.18629359100588463,19416.867105631703,0.7713255329379709
Franklin County,2012,45702,95700,643,36,033,51134,604,605,723,928,1027,3.6559166666666667,0.14,229.58608333333333,2.0731909735035137,0.1688328738348431,0.18983851910200866,19906.258836101057,0.6172389173340335
Franklin County,2013,45667,97100,664,36,033,51599,526,530,682,981,1085,3.9819166666666668,0.1075,232.95175,1.4659715509759863,0.17448047824468435,0.17921037072722096,19603.630365515604,0.6947667243304794
Franklin County,2014,47110,98500,655,36,033,51599,553,556,716,1029,1139,4.172833333333333,0.08916666666666667,236.715,1.6154632879984865,0.1668435576310762,0.18238165994481,19901.569397799038,0.6962103587348758
Franklin County,2015,47923,101600,671,36,033,51599,561,565,727,1045,1156,3.849,0.1325,237.00175000000002,0.12113723253701636,0.16801953133151096,0.18204202574964004,20220.525797805287,0.6467071760949857
Franklin County,2016,49782,100900,666,36,033,51599,547,573,747,966,1024,3.6477083333333336,0.395,240.00541666666666,1.2673605433996427,0.16053995420031336,0.18006508376521635,20742.031863864184,0.5856029287694348
Franklin County,2017,50733,102200,670,36,033,51599,553,584,743,984,1024,3.991,1.0016666666666667,245.121,2.1314449500271726,0.15847673112175506,0.17574359884099108,20697.125093321258,0.6324806339069244
Franklin County,2018,51696,105500,702,36,033,51599,528,596,726,947,989,4.539041666666667,1.8316666666666666,251.0995,2.438999514525486,0.16295264623955433,0.16852367688022285,20587.854615401462,0.7396488509749305
Franklin County,2019,50407,108700,703,36,033,51599,533,620,721,952,975,3.93375,2.158333333333333,255.65258333333333,1.8132586219141489,0.1673577082548059,0.1716428273850854,19716.992233274912,0.6583433848473427
Franklin County,2020,52905,110600,706,36,033,51055,533,652,744,993,1008,3.1136666666666666,0.37583333333333335,258.85575,1.2529373358571627,0.1601360929968812,0.16875531613269068,20438.02388009538,0.4986104148946224
Franklin County,2021,55279,118800,751,36,033,51055,532,680,775,1041,1051,2.9557083333333334,0.08,270.97341666666665,4.681242996018686,0.16302755114962283,0.16823748620633514,20400.156103873658,0.48186189149586645
Franklin County,2022,60270,131600,788,36,033,51055,518,679,780,1016,1058,5.3275,1.6833333333333333,292.62641666666667,7.990820747791694,0.15689397710303635,0.15530114484818316,20596.226645065366,0.8358526630164261
Franklin County,2023,63747,128600,819,36,033,50389,552,710,826,1048,1152,6.795375,5.024166666666667,304.70300000000003,4.126962791295052,0.1541719610334604,0.15548967010212245,20921.028017446493,1.047656289707751
Franklin County,2024,65151,145400,843,36,033,50389,613,763,905,1151,1310,6.7236666666666665,5.1433333333333335,313.6981666666667,2.9521096499432797,0.15527006492609477,0.16668969010452642,20768.690073101054,1.0439841598747526
Fulton County,2009,41425,91300,616,36,035,55073,471,575,727,870,924,5.041375,0.16,214.56466666666665,NA,0.17844296922148462,0.21059746529873266,19306.53384993491,0.8995979239589621
Fulton County,2010,43240,95200,635,36,035,55073,489,597,755,904,960,4.6905833333333335,0.175,218.07616666666667,1.6365695501278532,0.17622571692876965,0.20952821461609622,19827.93473534094,0.8266014107308048
Fulton County,2011,45289,98700,654,36,035,55073,485,592,748,895,951,4.4558333333333335,0.10166666666666667,224.923,3.1396522774535196,0.17328711166066815,0.19819382189935747,20135.335203603012,0.7721384883746606
Fulton County,2012,45333,104400,693,36,035,55073,463,565,714,855,907,3.6559166666666667,0.14,229.58608333333333,2.0731909735035137,0.18344252531268612,0.18900138971610086,19745.53480847598,0.670650585666071
Fulton County,2013,44276,106000,699,36,035,55531,535,539,692,914,1047,3.9819166666666668,0.1075,232.95175,1.4659715509759863,0.189448007950131,0.18755081759869907,19006.51100496133,0.7543661803234258
Fulton County,2014,45722,107500,701,36,035,55531,548,551,708,935,1071,4.172833333333333,0.08916666666666667,236.715,1.6154632879984865,0.18398145312978434,0.1858186431039762,19315.210273958135,0.7677239403350684
Fulton County,2015,46969,108200,711,36,035,55531,558,562,722,954,1093,3.849,0.1325,237.00175000000002,0.12113723253701636,0.1816517277353148,0.18446209201813962,19817.997124493806,0.6991775000532267
Fulton County,2016,46090,108300,722,36,035,55531,548,604,726,933,1052,3.6477083333333336,0.395,240.00541666666666,1.2673605433996427,0.18798003905402474,0.1890214797136038,19203.733249075976,0.6856963549576915
Fulton County,2017,48033,107600,734,36,035,55531,540,627,757,972,1054,3.991,1.0016666666666667,245.121,2.1314449500271726,0.1833739304228343,0.18911998001374056,19595.628281542584,0.7318453563175318
Fulton County,2018,50248,108700,759,36,035,55531,525,629,759,952,1064,4.539041666666667,1.8316666666666666,251.0995,2.438999514525486,0.18126094570928197,0.18126094570928197,20011.190782936643,0.8227509851138355
Fulton County,2019,50482,109600,779,36,035,55531,523,636,772,967,1095,3.93375,2.158333333333333,255.65258333333333,1.8132586219141489,0.1851749138306723,0.18351095439958798,19746.328920986845,0.7284318172814072
Fulton County,2020,51663,120100,777,36,035,53955,557,668,815,1016,1201,3.1136666666666666,0.37583333333333335,258.85575,1.2529373358571627,0.18047732419720108,0.18930375704082225,19958.21997386575,0.5619462284420185
Fulton County,2021,55240,124500,792,36,035,53955,600,694,854,1062,1262,2.9557083333333334,0.08,270.97341666666665,4.681242996018686,0.1720492396813903,0.18551774076755975,20385.76354814633,0.5085273714699493
Fulton County,2022,60557,142000,855,36,035,53955,653,692,862,1066,1255,5.3275,1.6833333333333333,292.62641666666667,7.990820747791694,0.16942715127896033,0.17081427415492842,20694.30391480377,0.9026231484386611
Fulton County,2023,62615,156100,883,36,035,53452,735,739,962,1171,1359,6.795375,5.024166666666667,304.70300000000003,4.126962791295052,0.1692246266868961,0.18436476882536135,20549.518711663488,1.1499447975724666
Fulton County,2024,66533,163100,912,36,035,53452,729,734,964,1166,1316,6.7236666666666665,5.1433333333333335,313.6981666666667,2.9521096499432797,0.1644898020531165,0.17386860655614508,21209.240942328317,1.1059745990711376
Genesee County,2009,48197,98200,666,36,037,60370,657,658,791,981,1110,5.041375,0.16,214.56466666666665,NA,0.16581944934332013,0.19694171836421354,22462.691900188598,0.8359580264331806
Genesee County,2010,49750,101400,670,36,037,60370,682,684,822,1019,1153,4.6905833333333335,0.175,218.07616666666667,1.6365695501278532,0.16160804020100503,0.1982713567839196,22813.130274819883,0.7580359798994976
Genesee County,2011,50861,103400,685,36,037,60370,676,677,814,1009,1142,4.4558333333333335,0.10166666666666667,224.923,3.1396522774535196,0.16161695601738071,0.1920528499243035,22612.62743249912,0.7201382198541123
Genesee County,2012,51734,104800,682,36,037,60370,661,662,796,987,1117,3.6559166666666667,0.14,229.58608333333333,2.0731909735035137,0.15819383770827697,0.1846367959175784,22533.595786329963,0.5783434878416516
Genesee County,2013,49922,105000,716,36,037,60079,469,607,761,976,1077,3.9819166666666668,0.1075,232.95175,1.4659715509759863,0.17210848924321942,0.18292536356716477,21430.188869583508,0.6853216617923962
Genesee County,2014,50573,105200,722,36,037,60079,471,610,765,981,1082,4.172833333333333,0.08916666666666667,236.715,1.6154632879984865,0.1713167104976964,0.1815197832835703,21364.510064845912,0.714876080121804
Genesee County,2015,50880,107000,724,36,037,60079,458,593,744,954,1053,3.849,0.1325,237.00175000000002,0.12113723253701636,0.17075471698113207,0.17547169811320754,21468.19590994581,0.6572349056603773
Genesee County,2016,52641,108700,716,36,037,60079,494,626,750,1003,1090,3.6477083333333336,0.395,240.00541666666666,1.2673605433996427,0.16321878383769306,0.17096939647803044,21933.254978620276,0.595374517961285
Genesee County,2017,54033,111900,748,36,037,60079,535,649,783,1063,1139,3.991,1.0016666666666667,245.121,2.1314449500271726,0.16612070401421353,0.1738937316084615,22043.39897438408,0.6629877297207262
Genesee County,2018,59338,117600,746,36,037,60079,543,637,774,1036,1139,4.539041666666667,1.8316666666666666,251.0995,2.438999514525486,0.1508645387441437,0.1565270147291786,23631.269675965104,0.684780427382116
Genesee County,2019,60524,119800,747,36,037,60079,544,634,766,1036,1141,3.93375,2.158333333333333,255.65258333333333,1.8132586219141489,0.1481065362500826,0.1518736369043685,23674.31582769716,0.5826140869737624
Genesee County,2020,60635,125200,786,36,037,58535,578,680,820,1120,1221,3.1136666666666666,0.37583333333333335,258.85575,1.2529373358571627,0.15555372309722107,0.16228251010142658,23424.24303883534,0.484342442483714
Genesee County,2021,63734,130100,808,36,037,58535,575,696,837,1148,1232,2.9557083333333334,0.08,270.97341666666665,4.681242996018686,0.15213229987134025,0.1575924938023661,23520.388377580704,0.44965870649888595
Genesee County,2022,68178,148600,866,36,037,58535,560,686,833,1124,1211,5.3275,1.6833333333333333,292.62641666666667,7.990820747791694,0.15242453577400333,0.14661621050778845,23298.64841890271,0.8120417143360027
Genesee County,2023,72055,157800,909,36,037,57554,633,777,946,1233,1349,6.795375,5.024166666666667,304.70300000000003,4.126962791295052,0.15138435917007842,0.15754631878426203,23647.617516073027,1.0287134896953716
Genesee County,2024,73314,170500,929,36,037,57554,662,804,976,1217,1352,6.7236666666666665,5.1433333333333335,313.6981666666667,2.9521096499432797,0.15205826990752108,0.15975120713642688,23370.872956966596,1.0223891207682025
Greene County,2009,46213,179100,676,36,039,48195,601,649,791,1028,1120,5.041375,0.16,214.56466666666665,NA,0.17553502261268475,0.20539674983229828,21538.028939216463,0.8849378746240236
Greene County,2010,46235,180500,723,36,039,48195,625,675,822,1069,1164,4.6905833333333335,0.175,218.07616666666667,1.6365695501278532,0.18765004866443172,0.21334486860603438,21201.308105654218,0.8801881907645723
Greene County,2011,47033,181300,765,36,039,48195,619,668,814,1058,1153,4.4558333333333335,0.10166666666666667,224.923,3.1396522774535196,0.1951821061807667,0.20768396657665894,20910.711665770064,0.8696989347904663
Greene County,2012,47539,179700,824,36,039,48195,597,644,785,1021,1112,3.6559166666666667,0.14,229.58608333333333,2.0731909735035137,0.2079976440396306,0.19815309535328887,20706.394442462213,0.7604220534718862
Greene County,2013,49655,183300,841,36,039,49221,590,668,792,1060,1170,3.9819166666666668,0.1075,232.95175,1.4659715509759863,0.2032423723693485,0.19140066458564092,21315.572860045053,0.8092941899103816
Greene County,2014,49864,174200,836,36,039,49221,582,659,781,1045,1154,4.172833333333333,0.08916666666666667,236.715,1.6154632879984865,0.20118722926359697,0.18795122733836034,21064.993768878187,0.8395207765121129
Greene County,2015,50278,177700,837,36,039,49221,669,757,897,1200,1326,3.849,0.1325,237.00175000000002,0.12113723253701636,0.1997692827877004,0.2140896614821592,21214.189346703133,0.7689119694498588
Greene County,2016,51013,175900,856,36,039,49221,641,762,882,1179,1398,3.6477083333333336,0.395,240.00541666666666,1.2673605433996427,0.20136043753553015,0.2074765255915159,21254.936954547902,0.7345041460019995
Greene County,2017,53214,176100,876,36,039,49221,643,794,931,1216,1543,3.991,1.0016666666666667,245.121,2.1314449500271726,0.19754200022550455,0.20994475138121546,21709.278274811215,0.7883901228999887
Greene County,2018,53617,174700,906,36,039,49221,586,777,918,1183,1523,4.539041666666667,1.8316666666666666,251.0995,2.438999514525486,0.2027715090363131,0.20545722438778746,21352.88998982475,0.9203883283287018
Greene County,2019,53601,176300,908,36,039,49221,615,778,957,1248,1518,3.93375,2.158333333333333,255.65258333333333,1.8132586219141489,0.203279789556165,0.214249734146751,20966.343973967276,0.799651872166564
Greene County,2020,56681,185600,925,36,039,47790,631,775,968,1295,1397,3.1136666666666666,0.37583333333333335,258.85575,1.2529373358571627,0.19583281875760836,0.2049363984403945,21896.75137600768,0.6097581200049399
Greene County,2021,62810,190000,963,36,039,47790,708,834,1047,1370,1420,2.9557083333333334,0.08,270.97341666666665,4.681242996018686,0.18398344212704984,0.20003184206336572,23179.39551881012,0.5438013930902723
Greene County,2022,70294,229500,1013,36,039,47790,725,832,1030,1284,1397,5.3275,1.6833333333333333,292.62641666666667,7.990820747791694,0.17293083335704326,0.17583293026431843,24021.75470031898,0.921289014709648
Greene County,2023,74011,248300,993,36,039,47335,883,931,1123,1407,1509,6.795375,5.024166666666667,304.70300000000003,4.126962791295052,0.16100309413465566,0.18208104200726918,24289.55409037653,1.0940764008052857
Greene County,2024,77945,271600,1004,36,039,47335,926,965,1155,1517,1587,6.7236666666666665,5.1433333333333335,313.6981666666667,2.9521096499432797,0.15457053050227726,0.1778176919622811,24847.132779970554,1.0392807235871449
Hamilton County,2009,45242,170700,647,36,041,5379,606,607,729,908,1053,5.041375,0.16,214.56466666666665,NA,0.1716104504663808,0.1933601520710844,21085.48471789391,0.8651526347199505
Hamilton County,2010,49557,172300,627,36,041,5379,629,631,757,943,1093,4.6905833333333335,0.175,218.07616666666667,1.6365695501278532,0.15182517101519463,0.18330407409649493,22724.629086015055,0.712148616744355
Hamilton County,2011,51142,166300,604,36,041,5379,623,625,750,935,1083,4.4558333333333335,0.10166666666666667,224.923,3.1396522774535196,0.14172304563763638,0.17598060302686638,22737.5590757726,0.6314942708537015
Hamilton County,2012,51595,165400,614,36,041,5379,608,610,732,912,1057,3.6559166666666667,0.14,229.58608333333333,2.0731909735035137,0.14280453532319023,0.17024905514100203,22473.05204692648,0.5220814807636399
Hamilton County,2013,51522,164700,610,36,041,4836,535,593,703,876,1012,3.9819166666666668,0.1075,232.95175,1.4659715509759863,0.14207522999883546,0.16373587981833004,22117.026379926316,0.5657317262528629
Hamilton County,2014,52939,163100,629,36,041,4836,495,548,650,810,935,4.172833333333333,0.08916666666666667,236.715,1.6154632879984865,0.14257919492245794,0.14733939061939214,22364.024248568952,0.5949592172122632
Hamilton County,2015,48243,162600,622,36,041,4836,514,569,675,841,971,3.849,0.1325,237.00175000000002,0.12113723253701636,0.15471674647099062,0.16790000621851875,20355.545897867843,0.5955047571668429
Hamilton County,2016,52708,165500,733,36,041,4836,522,569,658,903,944,3.6477083333333336,0.395,240.00541666666666,1.2673605433996427,0.16688168778932988,0.14980648098960309,21961.1710152375,0.6087357232298702
Hamilton County,2017,55587,164000,713,36,041,4836,621,679,783,1073,1123,3.991,1.0016666666666667,245.121,2.1314449500271726,0.15392088078147767,0.16903232770252039,22677.371583830027,0.6142982351988774
Hamilton County,2018,57552,164900,761,36,041,4836,562,621,716,967,1025,4.539041666666667,1.8316666666666666,251.0995,2.438999514525486,0.15867389491242703,0.14929107589658047,22919.997849458083,0.7202274204197944
Hamilton County,2019,58675,166000,783,36,041,4836,590,594,786,1028,1127,3.93375,2.158333333333333,255.65258333333333,1.8132586219141489,0.16013634426927995,0.16074989348103963,22951.068686638868,0.6299363442692799
Hamilton County,2020,60625,170500,841,36,041,4645,638,642,846,1098,1211,3.1136666666666666,0.37583333333333335,258.85575,1.2529373358571627,0.1664659793814433,0.16745567010309279,23420.37988339065,0.5183195711340206
Hamilton County,2021,62841,170600,873,36,041,4645,695,700,922,1147,1317,2.9557083333333334,0.08,270.97341666666665,4.681242996018686,0.16670644961092282,0.17606339809996657,23190.835755413893,0.492735642335418
Hamilton County,2022,66891,204900,902,36,041,4645,677,682,897,1109,1275,5.3275,1.6833333333333333,292.62641666666667,7.990820747791694,0.16181549087321165,0.1609185092164865,22858.83850199216,0.862072027627035
Hamilton County,2023,68950,242000,860,36,041,4454,765,770,1013,1233,1434,6.795375,5.024166666666667,304.70300000000003,4.126962791295052,0.14967367657722988,0.17630166787527193,22628.592432631118,1.0170887599709935
Hamilton County,2024,68835,260200,912,36,041,4454,862,868,1140,1378,1594,6.7236666666666665,5.1433333333333335,313.6981666666667,2.9521096499432797,0.15898888646764,0.19873610808455,21943.067354022365,1.0689882763129221
Herkimer County,2009,42048,86200,567,36,043,64427,599,600,722,885,1005,5.041375,0.16,214.56466666666665,NA,0.1618150684931507,0.2060502283105023,19596.8892051192,0.8157704409246577
Herkimer County,2010,42318,87600,576,36,043,64427,622,623,750,920,1044,4.6905833333333335,0.175,218.07616666666667,1.6365695501278532,0.16333475116971502,0.21267545725223308,19405.14667276036,0.7661352615908125
Herkimer County,2011,42680,89400,599,36,043,64427,617,618,744,912,1036,4.4558333333333335,0.10166666666666667,224.923,3.1396522774535196,0.1684161199625117,0.2091846298031865,18975.382686519388,0.7504341611996251
Herkimer County,2012,44288,92300,613,36,043,64427,598,599,721,884,1004,3.6559166666666667,0.14,229.58608333333333,2.0731909735035137,0.16609465317919075,0.19535765895953758,19290.367846773523,0.6072282108020232
Herkimer County,2013,45047,92500,614,36,043,64519,563,573,729,966,1084,3.9819166666666668,0.1075,232.95175,1.4659715509759863,0.16356250138743977,0.19419717184274202,19337.480830257766,0.6512922503163362
Herkimer County,2014,45649,95100,621,36,043,64519,601,612,779,1032,1159,4.172833333333333,0.08916666666666667,236.715,1.6154632879984865,0.16324563517273105,0.2047799513680475,19284.371501594745,0.6811968279699445
Herkimer County,2015,46229,96100,623,36,043,64519,551,561,714,946,1062,3.849,0.1325,237.00175000000002,0.12113723253701636,0.16171667135347942,0.18533820761859437,19505.763143099153,0.6224474680395423
Herkimer County,2016,48893,97300,636,36,043,64519,556,588,741,953,1016,3.6477083333333336,0.395,240.00541666666666,1.2673605433996427,0.15609596465751743,0.18186652486040947,20371.623557107217,0.5693925510809319
Herkimer County,2017,49077,95800,657,36,043,64519,634,634,819,1037,1129,3.991,1.0016666666666667,245.121,2.1314449500271726,0.16064551622959838,0.20025673940949937,20021.540382097002,0.6411362552723272
Herkimer County,2018,51862,97200,680,36,043,64519,571,600,780,978,1062,4.539041666666667,1.8316666666666666,251.0995,2.438999514525486,0.15734063476148238,0.18047896340287686,20653.963866913316,0.7141756970421503
Herkimer County,2019,54646,100000,675,36,043,64519,556,608,786,985,1072,3.93375,2.158333333333333,255.65258333333333,1.8132586219141489,0.1482267686564433,0.1726018372799473,21375.1018227536,0.5830870512022838
Herkimer County,2020,58438,106600,680,36,043,62945,563,613,790,984,1096,3.1136666666666666,0.37583333333333335,258.85575,1.2529373358571627,0.1396351688969506,0.1622232109243985,22575.507787638482,0.4347773708888052
Herkimer County,2021,60561,110500,709,36,043,62945,587,625,796,990,1140,2.9557083333333334,0.08,270.97341666666665,4.681242996018686,0.14048645167682172,0.1577252687373062,22349.424805200757,0.41523697594161263
Herkimer County,2022,68104,130900,776,36,043,62945,676,680,863,1067,1238,5.3275,1.6833333333333333,292.62641666666667,7.990820747791694,0.13673205685422296,0.15206155291906495,23273.360203011976,0.7284400328908728
Herkimer County,2023,68858,135000,811,36,043,61738,755,759,955,1162,1376,6.795375,5.024166666666667,304.70300000000003,4.126962791295052,0.1413343402364286,0.16642946353364896,22598.399096825433,0.960419842284121
Herkimer County,2024,68515,147700,823,36,043,61738,785,790,992,1199,1410,6.7236666666666665,5.1433333333333335,313.6981666666667,2.9521096499432797,0.14414361818579874,0.173742975990659,21841.058469686093,0.969173640808582
Jefferson County,2009,43447,108900,694,36,045,111738,626,627,754,972,1021,5.041375,0.16,214.56466666666665,NA,0.19168181922802496,0.20825373443505882,20248.90708939341,0.9663399314106844
Jefferson County,2010,43410,116800,769,36,045,111738,650,651,783,1009,1060,4.6905833333333335,0.175,218.07616666666667,1.6365695501278532,0.21257774706288873,0.21644782308223912,19905.889150350376,0.9971136374107349
Jefferson County,2011,45559,124000,823,36,045,111738,644,646,776,1000,1051,4.4558333333333335,0.10166666666666667,224.923,3.1396522774535196,0.21677385368423363,0.204394301894247,20255.376284328413,0.9659081630413311
Jefferson County,2012,46549,129000,871,36,045,111738,696,697,838,1080,1135,3.6559166666666667,0.14,229.58608333333333,2.0731909735035137,0.22453758405121485,0.21603041955788524,20275.183636638834,0.8208906958259039
Jefferson County,2013,46484,131800,903,36,045,116229,700,806,1048,1332,1504,3.9819166666666668,0.1075,232.95175,1.4659715509759863,0.23311246880647105,0.270544703553911,19954.346769234402,0.9282344247483005
Jefferson County,2014,48613,135200,941,36,045,116229,676,779,1012,1287,1453,4.172833333333333,0.08916666666666667,236.715,1.6154632879984865,0.2322835455536585,0.24980972167938617,20536.510149335696,0.9692805216711579
Jefferson County,2015,49505,141000,947,36,045,116229,702,808,1050,1335,1507,3.849,0.1325,237.00175000000002,0.12113723253701636,0.22955257044742955,0.2545197454802545,20888.031417489532,0.8835478436521563
Jefferson County,2016,49911,144400,943,36,045,116229,672,812,1087,1349,1642,3.6477083333333336,0.395,240.00541666666666,1.2673605433996427,0.2267235679509527,0.2613451944461141,20795.780650783927,0.8270214481777565
Jefferson County,2017,50322,149300,966,36,045,116229,695,824,1095,1370,1631,3.991,1.0016666666666667,245.121,2.1314449500271726,0.230356504113509,0.2611183975199714,20529.452800861614,0.9193528079170145
Jefferson County,2018,52268,149500,979,36,045,116229,644,759,1009,1265,1468,4.539041666666667,1.8316666666666666,251.0995,2.438999514525486,0.22476467437055178,0.2316522537690365,20815.652759165194,1.0202162221627
Jefferson County,2019,52685,149900,987,36,045,116229,748,880,1164,1460,1672,3.93375,2.158333333333333,255.65258333333333,1.8132586219141489,0.22480782006263642,0.2651229002562399,20608.045228045485,0.8843377621713959
Jefferson County,2020,54726,150100,1018,36,045,116565,716,834,1099,1432,1637,3.1136666666666666,0.37583333333333335,258.85575,1.2529373358571627,0.22322113803311042,0.2409823484267076,21141.504486572154,0.6950362167890948
Jefferson County,2021,58271,154000,1072,36,045,116565,691,794,1047,1389,1610,2.9557083333333334,0.08,270.97341666666665,4.681242996018686,0.22076161383878773,0.2156132553070996,21504.32345608318,0.6525069417034203
Jefferson County,2022,62782,169600,1143,36,045,116565,786,899,1183,1587,1864,5.3275,1.6833333333333333,292.62641666666667,7.990820747791694,0.21847026217705712,0.22611576566531807,21454.659054761803,1.1639003217482717
Jefferson County,2023,64978,181000,1214,36,045,111454,816,928,1221,1650,1951,6.795375,5.024166666666667,304.70300000000003,4.126962791295052,0.2241989596478808,0.22549170488473022,21325.027978063885,1.523516005417218
Jefferson County,2024,66301,188200,1213,36,045,111454,922,1035,1360,1843,2231,6.7236666666666665,5.1433333333333335,313.6981666666667,2.9521096499432797,0.21954419993665253,0.2461501334821496,21135.284501184524,1.4761420189740726
Kings County,2009,42894,547200,977,36,047,2465326,1091,1180,1313,1615,1817,5.041375,0.16,214.56466666666665,NA,0.27332494055112605,0.3673241012729053,19991.175931420832,1.3779335221709332
Kings County,2010,43567,562400,1021,36,047,2465326,1129,1222,1359,1672,1880,4.6905833333333335,0.175,218.07616666666667,1.6365695501278532,0.28122202584524986,0.3743200128537655,19977.882345388498,1.319095347395965
Kings County,2011,44593,570800,1076,36,047,2465326,1166,1261,1403,1726,1941,4.4558333333333335,0.10166666666666667,224.923,3.1396522774535196,0.28955217186553944,0.3775480456573902,19825.895973288636,1.290196219137533
Kings County,2012,45215,562600,1115,36,047,2465326,1183,1280,1424,1752,1970,3.6559166666666667,0.14,229.58608333333333,2.0731909735035137,0.2959194957425633,0.3779276788676324,19694.137964953596,1.0818570164768329
Kings County,2013,46085,557100,1149,36,047,2504700,1191,1243,1474,1895,2124,3.9819166666666668,0.1075,232.95175,1.4659715509759863,0.29918628621026366,0.38381252034284474,19783.066665092665,1.1913348594987525
Kings County,2014,46958,557500,1189,36,047,2504700,1163,1215,1440,1852,2075,4.172833333333333,0.08916666666666667,236.715,1.6154632879984865,0.3038459900336471,0.36798841517952213,19837.35715945335,1.2678986754120702
Kings County,2015,48201,570200,1215,36,047,2504700,1196,1249,1481,1904,2134,3.849,0.1325,237.00175000000002,0.12113723253701636,0.30248335096782225,0.3687060434430821,20337.82450973463,1.1642584178751478
Kings County,2016,50640,590500,1262,36,047,2504700,1293,1357,1571,2021,2224,3.6477083333333336,0.395,240.00541666666666,1.2673605433996427,0.2990521327014218,0.37227488151658766,21099.523795469897,1.0908549565560821
Kings County,2017,52782,623900,1314,36,047,2504700,1352,1419,1637,2102,2267,3.991,1.0016666666666667,245.121,2.1314449500271726,0.29873820620666136,0.37217233147663975,21533.038784926626,1.1922641809707855
Kings County,2018,56015,665300,1374,36,047,2504700,1514,1558,1789,2280,2437,4.539041666666667,1.8316666666666666,251.0995,2.438999514525486,0.29434972775149515,0.3832544854056949,22307.889900218837,1.3360656788360261
Kings County,2019,60231,706000,1426,36,047,2504700,1559,1599,1831,2324,2475,3.93375,2.158333333333333,255.65258333333333,1.8132586219141489,0.28410619116401853,0.36479553718184987,23559.707167702523,1.117602729491458
Kings County,2020,63973,734800,1483,36,047,2635120,1665,1714,1951,2472,2643,3.1136666666666666,0.37583333333333335,258.85575,1.2529373358571627,0.27817985712722554,0.36596689228268175,24713.764326270517,0.8661593484751379
Kings County,2021,67753,767500,1582,36,047,2635120,1760,1801,2053,2598,2784,2.9557083333333334,0.08,270.97341666666665,4.681242996018686,0.2801942349416262,0.36361489528138974,25003.55969727658,0.8281724351689225
Kings County,2022,74692,865300,1715,36,047,2635120,2018,2054,2340,2952,3173,5.3275,1.6833333333333333,292.62641666666667,7.990820747791694,0.2755315160927542,0.37594387618486586,25524.694882582084,1.467894151984148
Kings County,2023,78548,889700,1784,36,047,2576771,2123,2170,2451,3078,3316,6.795375,5.024166666666667,304.70300000000003,4.126962791295052,0.272546723022865,0.3744461985028263,25778.5450094026,1.852057187961501
Kings County,2024,80263,905000,1833,36,047,2576771,2386,2451,2752,3434,3700,6.7236666666666665,5.1433333333333335,313.6981666666667,2.9521096499432797,0.27404906370307613,0.4114473667817051,25586.05963588141,1.8426145546515829
Lewis County,2009,41719,95400,591,36,049,26944,559,561,673,842,940,5.041375,0.16,214.56466666666665,NA,0.16999448692442293,0.1935808624367794,19443.555478224127,0.8570059565186127
Lewis County,2010,42846,100700,595,36,049,26944,580,583,699,874,976,4.6905833333333335,0.175,218.07616666666667,1.6365695501278532,0.16664332726508893,0.19577090043411288,19647.263914672014,0.7816544134808384
Lewis County,2011,44281,103900,627,36,049,26944,575,578,693,867,967,4.4558333333333335,0.10166666666666667,224.923,3.1396522774535196,0.16991486190465438,0.18780063684198642,19687.181835561503,0.7571123055034892
Lewis County,2012,45187,104700,648,36,049,26944,565,568,681,852,951,3.6559166666666667,0.14,229.58608333333333,2.0731909735035137,0.17208489167238364,0.18084847411866245,19681.94210377879,0.6291280235465952
Lewis County,2013,46840,107200,661,36,049,27087,492,533,647,953,1000,3.9819166666666668,0.1075,232.95175,1.4659715509759863,0.16934244235695986,0.16575576430401368,20107.168115285676,0.6743074935952178
Lewis County,2014,46990,111900,684,36,049,27087,506,548,665,980,1028,4.172833333333333,0.08916666666666667,236.715,1.6154632879984865,0.17467546286443925,0.16982336667376038,19850.875525420863,0.7288915939561609
Lewis County,2015,49819,117300,699,36,049,27087,539,583,708,1043,1094,3.849,0.1325,237.00175000000002,0.12113723253701636,0.16836949758124412,0.1705373451895863,21020.51989067591,0.6480541961902087
Lewis County,2016,49976,122000,708,36,049,27087,541,579,683,891,1058,3.6477083333333336,0.395,240.00541666666666,1.2673605433996427,0.17000160076836882,0.16399871938530494,20822.863372875265,0.6201162558027854
Lewis County,2017,51475,121700,742,36,049,27087,564,614,711,983,1104,3.991,1.0016666666666667,245.121,2.1314449500271726,0.1729771733851384,0.16575036425449247,20999.832735669323,0.6903518989800874
Lewis County,2018,52380,120000,733,36,049,27087,564,625,718,1000,1135,4.539041666666667,1.8316666666666666,251.0995,2.438999514525486,0.1679266895761741,0.16449026345933562,20860.256591510537,0.7622262409316533
Lewis County,2019,54524,120200,768,36,049,27087,568,632,723,1011,1147,3.93375,2.158333333333333,255.65258333333333,1.8132586219141489,0.1690264837502751,0.15912258821803243,21327.380810742183,0.6649079304526446
Lewis County,2020,56192,122800,700,36,049,26845,610,656,778,1066,1201,3.1136666666666666,0.37583333333333335,258.85575,1.2529373358571627,0.1494874715261959,0.16614464692482916,21707.84307476268,0.4654541571753986
Lewis County,2021,60049,128600,725,36,049,26845,645,669,828,1096,1254,2.9557083333333334,0.08,270.97341666666665,4.681242996018686,0.1448816799613649,0.16546487035587604,22160.476381293247,0.4282279888091392
Lewis County,2022,64401,146100,768,36,049,26845,647,658,838,1052,1266,5.3275,1.6833333333333333,292.62641666666667,7.990820747791694,0.14310336796012485,0.15614664368565706,22007.92421053351,0.7623831928075651
Lewis County,2023,68329,158000,821,36,049,26456,685,692,899,1111,1383,6.795375,5.024166666666667,304.70300000000003,4.126962791295052,0.1441847531794699,0.1578831828359847,22424.787415942734,0.9797894671369404
Lewis County,2024,68182,166100,837,36,049,26456,693,707,905,1160,1453,6.7236666666666665,5.1433333333333335,313.6981666666667,2.9521096499432797,0.14731160716904754,0.15927957525446598,21734.90547442366,0.9904741427356193
Livingston County,2009,51698,110400,656,36,051,64328,590,652,797,957,1014,5.041375,0.16,214.56466666666665,NA,0.15226894657433557,0.18499748539595343,24094.367820734697,0.7676448605361911
Livingston County,2010,51690,112300,664,36,051,64328,594,657,803,964,1021,4.6905833333333335,0.175,218.07616666666667,1.6365695501278532,0.15414973882762623,0.18641903656413233,23702.727716692258,0.7230521957825499
Livingston County,2011,53231,114300,678,36,051,64328,595,658,804,966,1023,4.4558333333333335,0.10166666666666667,224.923,3.1396522774535196,0.15284326802051437,0.18124776915707014,23666.321363311,0.6810441284214086
Livingston County,2012,54244,118200,694,36,051,64328,591,654,799,960,1016,3.6559166666666667,0.14,229.58608333333333,2.0731909735035137,0.15352850084802006,0.17675687633655335,23626.867627356914,0.561287405058624
Livingston County,2013,53518,119300,693,36,051,65393,579,705,859,1083,1157,3.9819166666666668,0.1075,232.95175,1.4659715509759863,0.15538697260734707,0.19260809447288763,22973.856174078966,0.6187379760080721
Livingston County,2014,52200,119200,711,36,051,65393,563,685,834,1051,1123,4.172833333333333,0.08916666666666667,236.715,1.6154632879984865,0.16344827586206898,0.1917241379310345,22051.834484506686,0.6820424137931035
Livingston County,2015,51734,121200,721,36,051,65393,585,712,867,1093,1168,3.849,0.1325,237.00175000000002,0.12113723253701636,0.16724011288514323,0.20110565585495033,21828.53080198775,0.6437071944949163
Livingston County,2016,52724,123000,722,36,051,65393,575,702,863,1071,1183,3.6477083333333336,0.395,240.00541666666666,1.2673605433996427,0.16432744101358016,0.19641908808132919,21967.837531444606,0.5994185759805781
Livingston County,2017,53654,125000,755,36,051,65393,625,737,915,1145,1261,3.991,1.0016666666666667,245.121,2.1314449500271726,0.16885973086815523,0.20464457449584375,21888.781458952926,0.6739191858948075
Livingston County,2018,56071,126700,781,36,051,65393,632,741,924,1158,1258,4.539041666666667,1.8316666666666666,251.0995,2.438999514525486,0.16714522658771913,0.19774928216011842,22330.19181639151,0.7586791478660984
Livingston County,2019,59510,129400,798,36,051,65393,650,760,951,1192,1285,3.93375,2.158333333333333,255.65258333333333,1.8132586219141489,0.16091413207864225,0.191766089732818,23277.683809831768,0.6329959670643589
Livingston County,2020,60248,134000,793,36,051,64375,668,775,972,1211,1317,3.1136666666666666,0.37583333333333335,258.85575,1.2529373358571627,0.15794715177267296,0.19359978754481477,23274.738923126104,0.4917947815695127
Livingston County,2021,64467,142000,843,36,051,64375,698,805,1006,1251,1364,2.9557083333333334,0.08,270.97341666666665,4.681242996018686,0.1569174926706687,0.18725859742193682,23790.89461727642,0.46380234073246773
Livingston County,2022,70443,159900,919,36,051,64375,727,828,1039,1284,1409,5.3275,1.6833333333333333,292.62641666666667,7.990820747791694,0.15655210595800861,0.176994165495507,24072.672864747627,0.8340313444912908
Livingston County,2023,72464,169600,912,36,051,63218,839,950,1186,1443,1593,6.795375,5.024166666666667,304.70300000000003,4.126962791295052,0.15102671671450651,0.19640097151689115,23781.846585035262,1.0262831750938397
Livingston County,2024,74001,174600,931,36,051,63218,938,1050,1307,1580,1741,6.7236666666666665,5.1433333333333335,313.6981666666667,2.9521096499432797,0.15097093282523208,0.21194308185024527,23589.873280526022,1.0150782286725855
Madison County,2009,51670,105400,682,36,053,69441,624,626,754,965,1045,5.041375,0.16,214.56466666666665,NA,0.15838978130443196,0.17511128314302304,24081.31814185001,0.7985022837236307
Madison County,2010,53345,111700,691,36,053,69441,628,630,759,972,1052,4.6905833333333335,0.175,218.07616666666667,1.6365695501278532,0.1554409972818446,0.1707376511388134,24461.636874578224,0.7291089511669323
Madison County,2011,53473,114900,712,36,053,69441,634,636,766,980,1062,4.4558333333333335,0.10166666666666667,224.923,3.1396522774535196,0.15978157200830326,0.17189983730106784,23773.913739368585,0.711960054606998
Madison County,2012,52293,117400,722,36,053,69441,621,623,750,960,1040,3.6559166666666667,0.14,229.58608333333333,2.0731909735035137,0.1656818312202398,0.17210716539498594,22777.07744335549,0.6057189681219284
Madison County,2013,53589,121100,724,36,053,73442,549,613,784,1029,1129,3.9819166666666668,0.1075,232.95175,1.4659715509759863,0.16212282371382186,0.17555841683927673,23004.334588600428,0.6455595737931292
Madison County,2014,53584,122400,730,36,053,73442,561,626,801,1051,1153,4.172833333333333,0.08916666666666667,236.715,1.6154632879984865,0.16348163630934606,0.17938190504628249,22636.50381260165,0.6821816213795162
Madison County,2015,54145,124900,718,36,053,73442,555,619,792,1039,1140,3.849,0.1325,237.00175000000002,0.12113723253701636,0.1591282666912919,0.17552867300766462,22845.82286839654,0.6124846984947826
Madison County,2016,55858,128000,728,36,053,73442,545,637,809,1060,1153,3.6477083333333336,0.395,240.00541666666666,1.2673605433996427,0.1563965770346235,0.17379784453435498,23273.641393510217,0.5704890973540048
Madison County,2017,58365,132800,755,36,053,73442,579,647,817,1071,1169,3.991,1.0016666666666667,245.121,2.1314449500271726,0.15523001799023387,0.16797738370598816,23810.689414615637,0.6195230017990234
Madison County,2018,60228,131800,771,36,053,73442,626,719,906,1166,1279,4.539041666666667,1.8316666666666666,251.0995,2.438999514525486,0.15361625821876868,0.18051404662283324,23985.710843709363,0.6972705967324169
Madison County,2019,61633,136800,783,36,053,73442,599,688,858,1088,1224,3.93375,2.158333333333333,255.65258333333333,1.8132586219141489,0.1524507974623984,0.16705336426914152,24108.10764999767,0.5997033245177097
Madison County,2020,61176,140000,768,36,053,71760,633,723,900,1127,1291,3.1136666666666666,0.37583333333333335,258.85575,1.2529373358571627,0.15064731267163595,0.17653981953707337,23633.239748392687,0.4690655158885838
Madison County,2021,63312,151100,789,36,053,71760,648,729,901,1124,1303,2.9557083333333334,0.08,270.97341666666665,4.681242996018686,0.14954510993176648,0.17077331311599697,23364.653543813183,0.44201172763457164
Madison County,2022,68869,162800,867,36,053,71760,694,781,966,1198,1390,5.3275,1.6833333333333333,292.62641666666667,7.990820747791694,0.15106942165560702,0.16831956322873862,23534.78567809867,0.8048223438702463
Madison County,2023,73141,176800,891,36,053,70990,801,897,1109,1367,1579,6.795375,5.024166666666667,304.70300000000003,4.126962791295052,0.14618339918787002,0.18194993232250037,24004.030153953194,0.9933710162562722
Madison County,2024,75499,184600,928,36,053,70990,828,916,1126,1381,1600,6.7236666666666665,5.1433333333333335,313.6981666666667,2.9521096499432797,0.14749864236612406,0.17896925787096518,24067.402370325188,0.9917317050556961
Monroe County,2009,51105,126700,747,36,055,735343,590,652,797,957,1014,5.041375,0.16,214.56466666666665,NA,0.17540358086292926,0.1871441150572351,23817.994264355424,0.88427522747285
Monroe County,2010,51303,130400,757,36,055,735343,594,657,803,964,1021,4.6905833333333335,0.175,218.07616666666667,1.6365695501278532,0.17706566867434653,0.18782527337582597,23525.26678370019,0.8305412743894119
Monroe County,2011,52260,132800,778,36,055,735343,595,658,804,966,1023,4.4558333333333335,0.10166666666666667,224.923,3.1396522774535196,0.17864523536165328,0.18461538461538463,23234.618069294826,0.7960133945656335
Monroe County,2012,52700,134200,793,36,055,735343,591,654,799,960,1016,3.6559166666666667,0.14,229.58608333333333,2.0731909735035137,0.18056925996204934,0.18193548387096775,22954.352996860656,0.6601461669829222
Monroe County,2013,52394,136000,810,36,055,744344,579,705,859,1083,1157,3.9819166666666668,0.1075,232.95175,1.4659715509759863,0.18551742565942667,0.19674008474252777,22491.352823063145,0.7387149291903654
Monroe County,2014,52501,136600,820,36,055,744344,563,685,834,1051,1123,4.172833333333333,0.08916666666666667,236.715,1.6154632879984865,0.1874250014285442,0.19062494047732423,22178.99161438861,0.7820932934610768
Monroe County,2015,52553,138600,826,36,055,744344,585,712,867,1093,1168,3.849,0.1325,237.00175000000002,0.12113723253701636,0.18860959412402717,0.1979715715563336,22174.09787058534,0.7259583277833807
Monroe County,2016,53568,140200,843,36,055,744344,575,702,863,1071,1183,3.6477083333333336,0.395,240.00541666666666,1.2673605433996427,0.18884408602150538,0.19332437275985664,22319.496261369102,0.688848146281362
Monroe County,2017,55272,142300,872,36,055,744344,625,737,915,1145,1261,3.991,1.0016666666666667,245.121,2.1314449500271726,0.18931828050369084,0.19865392965696918,22548.863622455847,0.7555692574902302
Monroe County,2018,57479,144700,902,36,055,744344,632,741,924,1158,1258,4.539041666666667,1.8316666666666666,251.0995,2.438999514525486,0.18831225317072323,0.192905234955375,22890.92570873299,0.8547571634857949
Monroe County,2019,60075,148400,927,36,055,744344,650,760,951,1192,1285,3.93375,2.158333333333333,255.65258333333333,1.8132586219141489,0.1851685393258427,0.1899625468164794,23498.686857261695,0.7284067415730338
Monroe County,2020,62087,152000,947,36,055,748680,668,775,972,1211,1317,3.1136666666666666,0.37583333333333335,258.85575,1.2529373358571627,0.18303348527066857,0.18786541466007375,23985.173209403307,0.569905261971105
Monroe County,2021,66317,160000,991,36,055,748680,698,805,1006,1251,1364,2.9557083333333334,0.08,270.97341666666665,4.681242996018686,0.1793205362124342,0.18203477238113908,24473.61841459848,0.5300192032208936
Monroe County,2022,71450,182700,1085,36,055,748680,727,828,1039,1284,1409,5.3275,1.6833333333333333,292.62641666666667,7.990820747791694,0.1822253324002799,0.1744996501049685,24416.797640449982,0.9708054583624912
Monroe County,2023,74409,197100,1126,36,055,743084,839,950,1186,1443,1593,6.795375,5.024166666666667,304.70300000000003,4.126962791295052,0.18159093658025238,0.19126718542111842,24420.173086579387,1.2339785106640324
Monroe County,2024,76382,213700,1173,36,055,743084,938,1050,1307,1580,1741,6.7236666666666665,5.1433333333333335,313.6981666666667,2.9521096499432797,0.18428425545285537,0.20533633578591814,24348.883135540582,1.2390659055798485
Montgomery County,2009,42716,91900,638,36,057,49708,559,600,673,851,922,5.041375,0.16,214.56466666666665,NA,0.17923026500608671,0.18906264631519806,19908.21725851103,0.9035669772450605
Montgomery County,2010,42603,95000,666,36,057,49708,580,623,699,884,958,4.6905833333333335,0.175,218.07616666666667,1.6365695501278532,0.18759242306879798,0.19688754313076545,19535.834956746763,0.8799178931061193
Montgomery County,2011,43254,99500,690,36,057,49708,575,617,693,877,949,4.4558333333333335,0.10166666666666667,224.923,3.1396522774535196,0.1914273824386184,0.19225967540574282,19230.58113220969,0.8529685115827439
Montgomery County,2012,42830,99500,703,36,057,49708,623,668,750,949,1028,3.6559166666666667,0.14,229.58608333333333,2.0731909735035137,0.19696474433808078,0.21013308428671493,18655.311932742727,0.7200866915713285
Montgomery County,2013,44156,101200,705,36,057,50219,576,580,731,910,1032,3.9819166666666668,0.1075,232.95175,1.4659715509759863,0.19159344143491258,0.19865929884953348,18954.99819168562,0.7629091176737024
Montgomery County,2014,44167,101100,702,36,057,50219,583,587,740,922,1044,4.172833333333333,0.08916666666666667,236.715,1.6154632879984865,0.19073063599520004,0.2010550863767066,18658.302177724265,0.7958871555686372
Montgomery County,2015,43764,101600,702,36,057,50219,601,605,763,950,1077,3.849,0.1325,237.00175000000002,0.12113723253701636,0.1924869755963806,0.2092130518234165,18465.686434804808,0.7408823690704689
Montgomery County,2016,44455,99100,721,36,057,50219,583,590,735,912,1007,3.6477083333333336,0.395,240.00541666666666,1.2673605433996427,0.19462377685299742,0.1984028793161624,18522.498624163,0.7099307726914859
Montgomery County,2017,47449,99900,732,36,057,50219,614,618,770,963,1064,3.991,1.0016666666666667,245.121,2.1314449500271726,0.18512508166663155,0.1947354001138064,19357.37860077268,0.7388342009315265
Montgomery County,2018,45837,101000,749,36,057,50219,618,622,752,943,1058,4.539041666666667,1.8316666666666666,251.0995,2.438999514525486,0.19608613129131489,0.1968715230054323,18254.516635835593,0.8900431201867488
Montgomery County,2019,49462,105400,783,36,057,50219,648,652,788,987,1100,3.93375,2.158333333333333,255.65258333333333,1.8132586219141489,0.18996401277748576,0.19117706522178643,19347.3499681045,0.7472709352634346
Montgomery County,2020,50146,110700,759,36,057,49500,660,664,787,981,1112,3.1136666666666666,0.37583333333333335,258.85575,1.2529373358571627,0.18162964144697483,0.18833007617756153,19372.179292907345,0.5655341602520639
Montgomery County,2021,53533,113500,793,36,057,49500,706,711,845,1051,1172,2.9557083333333334,0.08,270.97341666666665,4.681242996018686,0.17775951282386565,0.18941587432051257,19755.812455157808,0.5254052733827732
Montgomery County,2022,58033,132300,867,36,057,49500,692,696,820,1028,1135,5.3275,1.6833333333333333,292.62641666666667,7.990820747791694,0.1792773077387004,0.16955869936070855,19831.77071334127,0.9550998569779263
Montgomery County,2023,62923,141600,921,36,057,49294,747,751,889,1115,1219,6.795375,5.024166666666667,304.70300000000003,4.126962791295052,0.17564324650763632,0.16954054956057404,20650.600748926,1.1935617262368292
Montgomery County,2024,64943,157500,940,36,057,49294,745,780,914,1166,1251,6.7236666666666665,5.1433333333333335,313.6981666666667,2.9521096499432797,0.17369077498729654,0.168886562062116,20702.38429828248,1.1678388740895862
Nassau County,2009,92450,490300,1374,36,059,1334544,1159,1339,1581,2098,2286,5.041375,0.16,214.56466666666665,NA,0.17834505137912385,0.2052136289886425,43087.24331747694,0.8991042833964306
Nassau County,2010,93613,487900,1407,36,059,1334544,1167,1348,1592,2113,2302,4.6905833333333335,0.175,218.07616666666667,1.6365695501278532,0.18035956544497025,0.20407422046083343,42926.745013401276,0.8459915716834201
Nassau County,2011,95823,478600,1447,36,059,1334544,1218,1407,1661,2204,2402,4.4558333333333335,0.10166666666666667,224.923,3.1396522774535196,0.18120910428602735,0.2080085157008234,42602.579549445814,0.8074375671811569
Nassau County,2012,97049,467500,1479,36,059,1334544,1233,1425,1682,2232,2432,3.6559166666666667,0.14,229.58608333333333,2.0731909735035137,0.18287669115601396,0.2079774134715453,42271.29039833642,0.668581943142124
Nassau County,2013,97690,454500,1504,36,059,1339532,1014,1285,1583,2058,2370,3.9819166666666668,0.1075,232.95175,1.4659715509759863,0.1847476712048316,0.19445183744497901,41935.72274086801,0.7356498310983723
Nassau County,2014,98401,447700,1559,36,059,1339532,1033,1309,1613,2097,2415,4.172833333333333,0.08916666666666667,236.715,1.6154632879984865,0.1901200191054969,0.19670531803538582,41569.39779904104,0.7933391530573876
Nassau County,2015,99465,446400,1578,36,059,1339532,1100,1395,1718,2234,2572,3.849,0.1325,237.00175000000002,0.12113723253701636,0.19037852510933495,0.20726888855376263,41968.0445397555,0.7327669431458302
Nassau County,2016,102044,451700,1603,36,059,1339532,1003,1324,1608,2089,2350,3.6477083333333336,0.395,240.00541666666666,1.2673605433996427,0.18850691858414018,0.18909490023911255,42517.373739828785,0.6876182578103563
Nassau County,2017,105744,460700,1663,36,059,1339532,1230,1533,1878,2429,2717,3.991,1.0016666666666667,245.121,2.1314449500271726,0.18871992737176577,0.21311847480708127,43139.5106906385,0.7531812301407171
Nassau County,2018,111240,474800,1738,36,059,1339532,1221,1527,1878,2428,2726,4.539041666666667,1.8316666666666666,251.0995,2.438999514525486,0.18748651564185545,0.20258899676375405,44301.16348300176,0.8510091064365337
Nassau County,2019,116100,493500,1772,36,059,1339532,1240,1548,1907,2460,2756,3.93375,2.158333333333333,255.65258333333333,1.8132586219141489,0.18315245478036177,0.19710594315245478,45413.19257807878,0.7204759689922481
Nassau County,2020,120036,524400,1831,36,059,1363070,1298,1624,1992,2563,2858,3.1136666666666666,0.37583333333333335,258.85575,1.2529373358571627,0.1830450864740578,0.19914025792262322,46371.77269579679,0.5699413842513913
Nassau County,2021,126576,560100,1940,36,059,1363070,1343,1659,2035,2606,2896,2.9557083333333334,0.08,270.97341666666665,4.681242996018686,0.1839211224876754,0.19292756920743268,46711.59317288505,0.543617194412843
Nassau County,2022,137709,633800,2131,36,059,1363070,1372,1695,2065,2642,2911,5.3275,1.6833333333333333,292.62641666666667,7.990820747791694,0.185695924013681,0.17994466592597433,47059.66110942935,0.9892950351828855
Nassau County,2023,143408,658700,2195,36,059,1355683,1536,1914,2297,2952,3245,6.795375,5.024166666666667,304.70300000000003,4.126962791295052,0.18367176168693516,0.19220685038491578,47064.84675241136,1.248118497573357
Nassau County,2024,146202,684700,2252,36,059,1355683,1708,2144,2508,3246,3521,6.7236666666666665,5.1433333333333335,313.6981666666667,2.9521096499432797,0.18484015266549023,0.20585217712479995,46605.94658666053,1.2428035731385345
New York County,2009,66818,800400,1206,36,061,1537195,1091,1180,1313,1615,1817,5.041375,0.16,214.56466666666665,NA,0.21658834445808015,0.23580472327815857,31141.194418465922,1.0919030650423538
New York County,2010,64971,825200,1234,36,061,1537195,1129,1222,1359,1672,1880,4.6905833333333335,0.175,218.07616666666667,1.6365695501278532,0.22791707069307846,0.2510042942235767,29792.801750458744,1.069064013175109
New York County,2011,67204,842300,1316,36,061,1537195,1166,1261,1403,1726,1941,4.4558333333333335,0.10166666666666667,224.923,3.1396522774535196,0.23498601273733707,0.25052080233319446,29878.669589148285,1.0470585084221178
New York County,2012,68370,827300,1384,36,061,1537195,1183,1280,1424,1752,1970,3.6559166666666667,0.14,229.58608333333333,2.0731909735035137,0.24291355857832383,0.2499341816586222,29779.679590044838,0.8880717273658038
New York County,2013,69659,828100,1442,36,061,1585873,1191,1243,1474,1895,2124,3.9819166666666668,0.1075,232.95175,1.4659715509759863,0.24841011211760144,0.2539226804863693,29902.758833105996,0.9891483656096125
New York County,2014,71656,838400,1480,36,061,1585873,1163,1215,1440,1852,2075,4.172833333333333,0.08916666666666667,236.715,1.6154632879984865,0.24785084291615497,0.2411521714859886,30271.000992755,1.0342402590152953
New York County,2015,72871,848700,1519,36,061,1585873,1196,1249,1481,1904,2134,3.849,0.1325,237.00175000000002,0.12113723253701636,0.2501406595216204,0.24388302616953247,30747.03034893202,0.962791398498717
New York County,2016,75513,871500,1575,36,061,1585873,1293,1357,1571,2021,2224,3.6477083333333336,0.395,240.00541666666666,1.2673605433996427,0.2502880298756506,0.24965237773628382,31463.039896669,0.912977732310993
New York County,2017,79781,915300,1615,36,061,1585873,1352,1419,1637,2102,2267,3.991,1.0016666666666667,245.121,2.1314449500271726,0.242914979757085,0.24622403830485956,32547.598940931213,0.9694736842105263
New York County,2018,82459,944600,1682,36,061,1585873,1514,1558,1789,2280,2437,4.539041666666667,1.8316666666666666,251.0995,2.438999514525486,0.2447761918044119,0.2603475666694964,32839.173315757296,1.1110493336082174
New York County,2019,86553,987700,1740,36,061,1585873,1559,1599,1831,2324,2475,3.93375,2.158333333333333,255.65258333333333,1.8132586219141489,0.24123947176874286,0.25385601885549897,33855.711087084,0.9489757720702922
New York County,2020,89812,1024500,1787,36,061,1653875,1665,1714,1951,2472,2643,3.1136666666666666,0.37583333333333335,258.85575,1.2529373358571627,0.23876542110185722,0.26067786041954305,34695.77167978691,0.7434359328374828
New York County,2021,93956,1008500,1869,36,061,1653875,1760,1801,2053,2598,2784,2.9557083333333334,0.08,270.97341666666665,4.681242996018686,0.23870748009706672,0.26220784196858105,34673.511946590086,0.7055496881519009
New York County,2022,99880,1104000,2024,36,061,1653875,2018,2054,2340,2952,3173,5.3275,1.6833333333333333,292.62641666666667,7.990820747791694,0.2431718061674009,0.2811373648378054,34132.256799554154,1.2954977973568282
New York County,2023,104553,1108900,2132,36,061,1629153,2123,2170,2451,3078,3316,6.795375,5.024166666666667,304.70300000000003,4.126962791295052,0.24469886086482454,0.2813118705345614,34313.085200999,1.662820521649307
New York County,2024,103931,1090500,2197,36,061,1629153,2386,2451,2752,3434,3700,6.7236666666666665,5.1433333333333335,313.6981666666667,2.9521096499432797,0.25366829916001965,0.3177492759619363,33130.89174360279,1.7055810874522521
Niagara County,2009,45749,94900,604,36,063,219846,601,602,723,894,988,5.041375,0.16,214.56466666666665,NA,0.15842969245229405,0.18964348947517978,21321.777117698784,0.798703490786684
Niagara County,2010,45964,97600,614,36,063,219846,605,606,728,901,994,4.6905833333333335,0.175,218.07616666666667,1.6365695501278532,0.16029936472021583,0.1900617874858585,21077.039597021532,0.7518975285005658
Niagara County,2011,46599,100200,631,36,063,219846,603,605,726,898,992,4.4558333333333335,0.10166666666666667,224.923,3.1396522774535196,0.16249275735530805,0.18695680164810405,20717.756743418857,0.7240406446490268
Niagara County,2012,47736,103400,643,36,063,219846,597,599,719,889,982,3.6559166666666667,0.14,229.58608333333333,2.0731909735035137,0.16163901458019106,0.1807440925087984,20792.20103715636,0.5909387673872968
Niagara County,2013,47955,105200,646,36,063,216469,557,591,736,941,1065,3.9819166666666668,0.1075,232.95175,1.4659715509759863,0.16165154832655615,0.1841726618705036,20585.80800530582,0.643682994473986
Niagara County,2014,49091,106700,655,36,063,216469,537,570,710,908,1027,4.172833333333333,0.08916666666666667,236.715,1.6154632879984865,0.16011081460960258,0.17355523415697377,20738.440740975435,0.6681157442301032
Niagara County,2015,49449,108000,654,36,063,216469,581,617,768,982,1111,3.849,0.1325,237.00175000000002,0.12113723253701636,0.15870897288115027,0.18637383971364435,20864.402899978588,0.6108708366195474
Niagara County,2016,50094,111500,657,36,063,216469,589,626,755,959,1098,3.6477083333333336,0.395,240.00541666666666,1.2673605433996427,0.15738411785842615,0.18085998323152475,20872.028929902623,0.5740913582464966
Niagara County,2017,51656,114800,669,36,063,216469,658,666,810,1029,1189,3.991,1.0016666666666667,245.121,2.1314449500271726,0.15541273037014094,0.18816787982035002,21073.673818236708,0.6202522069072325
Niagara County,2018,54085,119300,692,36,063,216469,641,660,799,1002,1163,4.539041666666667,1.8316666666666666,251.0995,2.438999514525486,0.15353610058241657,0.17727650919848387,21539.2702892678,0.6969067578811131
Niagara County,2019,55522,125600,703,36,063,216469,671,695,838,1050,1204,3.93375,2.158333333333333,255.65258333333333,1.8132586219141489,0.1519397716220597,0.18111739490652354,21717.75433522903,0.5976930766182774
Niagara County,2020,57252,131600,714,36,063,212675,674,703,843,1051,1190,3.1136666666666666,0.37583333333333335,258.85575,1.2529373358571627,0.1496541605533431,0.17669251729197233,22117.33755189908,0.465973171242926
Niagara County,2021,60834,140400,753,36,063,212675,743,772,920,1144,1284,2.9557083333333334,0.08,270.97341666666665,4.681242996018686,0.148535358516619,0.1814774632606766,22450.17269529207,0.4390271969622251
Niagara County,2022,65882,163100,823,36,063,212675,774,812,963,1190,1334,5.3275,1.6833333333333333,292.62641666666667,7.990820747791694,0.14990437448772048,0.17540451109559516,22514.03026099546,0.7986155550833308
Niagara County,2023,67809,177400,870,36,063,210145,869,908,1069,1309,1470,6.795375,5.024166666666667,304.70300000000003,4.126962791295052,0.15396186346945095,0.18917842764234835,22254.129430954075,1.0462285979737203
Niagara County,2024,69633,189800,899,36,063,210145,951,992,1163,1424,1604,6.7236666666666665,5.1433333333333335,313.6981666666667,2.9521096499432797,0.15492654344922666,0.20042221360561802,22197.452009335935,1.0416744359714503
Oneida County,2009,45433,97000,616,36,065,235469,599,600,722,885,1005,5.041375,0.16,214.56466666666665,NA,0.16270112033103692,0.1906983910373517,21174.502170285883,0.8202373605088813
Oneida County,2010,46708,101900,638,36,065,235469,622,623,750,920,1044,4.6905833333333335,0.175,218.07616666666667,1.6365695501278532,0.16391196368930375,0.1926864776911878,21418.204801533408,0.7688427250149867
Oneida County,2011,48382,106200,658,36,065,235469,617,618,744,912,1036,4.4558333333333335,0.10166666666666667,224.923,3.1396522774535196,0.163201190525402,0.1845314373113968,21510.472472801805,0.7271973047827704
Oneida County,2012,49148,108600,673,36,065,235469,598,599,721,884,1004,3.6559166666666667,0.14,229.58608333333333,2.0731909735035137,0.16432001302189306,0.176039716773826,21407.220893542835,0.6007402742736225
Oneida County,2013,48729,110500,689,36,065,234878,563,573,729,966,1084,3.9819166666666668,0.1075,232.95175,1.4659715509759863,0.16967308994643845,0.17952348704057133,20918.065650934153,0.6756241047425557
Oneida County,2014,48931,111900,707,36,065,234878,601,612,779,1032,1159,4.172833333333333,0.08916666666666667,236.715,1.6154632879984865,0.1733870143671701,0.19104453209621713,20670.848911137866,0.7235151131184729
Oneida County,2015,48246,114000,706,36,065,234878,551,561,714,946,1062,3.849,0.1325,237.00175000000002,0.12113723253701636,0.17560004974505658,0.17758985200845667,20356.811711305927,0.6758845914687228
Oneida County,2016,49838,117600,712,36,065,234878,556,588,741,953,1016,3.6477083333333336,0.395,240.00541666666666,1.2673605433996427,0.17143545086078896,0.17841807456157951,20765.36467058903,0.6253465227336571
Oneida County,2017,51316,120000,735,36,065,234878,634,634,819,1037,1129,3.991,1.0016666666666667,245.121,2.1314449500271726,0.17187621794372127,0.19151921428014654,20934.966812309023,0.6859579858133916
Oneida County,2018,53844,123100,755,36,065,234878,571,600,780,978,1062,4.539041666666667,1.8316666666666666,251.0995,2.438999514525486,0.16826387341207935,0.1738355248495654,21443.292400024693,0.7637567324121537
Oneida County,2019,56027,127700,766,36,065,234878,556,608,786,985,1072,3.93375,2.158333333333333,255.65258333333333,1.8132586219141489,0.16406375497527978,0.1683474039302479,21915.288032489407,0.6453857961340068
Oneida County,2020,59113,133100,777,36,065,232325,563,613,790,984,1096,3.1136666666666666,0.37583333333333335,258.85575,1.2529373358571627,0.15773180180332583,0.1603708152183107,22836.270780154584,0.4911242535482888
Oneida County,2021,61733,138700,807,36,065,232325,587,625,796,990,1140,2.9557083333333334,0.08,270.97341666666665,4.681242996018686,0.15686909756532164,0.15473085707806197,22781.939556801542,0.46365929891630087
Oneida County,2022,66402,157600,889,36,065,232325,676,680,863,1067,1238,5.3275,1.6833333333333333,292.62641666666667,7.990820747791694,0.16065781151170144,0.15595915785669107,22691.73123752498,0.8559044908285894
Oneida County,2023,68819,171100,917,36,065,229074,755,759,955,1162,1376,6.795375,5.024166666666667,304.70300000000003,4.126962791295052,0.15989770266932096,0.16652377977012162,22585.59974795128,1.086564851276537
Oneida County,2024,70154,182600,944,36,065,229074,785,790,992,1199,1410,6.7236666666666665,5.1433333333333335,313.6981666666667,2.9521096499432797,0.16147333010234627,0.16968383841263507,22363.535224145926,1.0856928471648088
Onondaga County,2009,50129,119600,695,36,067,458336,624,626,754,965,1045,5.041375,0.16,214.56466666666665,NA,0.1663707634303497,0.18049432464242254,23363.119743232033,0.8387374074886793
Onondaga County,2010,50676,124400,708,36,067,458336,628,630,759,972,1052,4.6905833333333335,0.175,218.07616666666667,1.6365695501278532,0.16765332701870708,0.17973004972768175,23237.752558930097,0.7863919014918305
Onondaga County,2011,52636,128600,734,36,067,458336,634,636,766,980,1062,4.4558333333333335,0.10166666666666667,224.923,3.1396522774535196,0.16733794361273652,0.1746333308002128,23401.786389119832,0.7456299870810852
Onondaga County,2012,53593,131700,745,36,067,458336,621,623,750,960,1040,3.6559166666666667,0.14,229.58608333333333,2.0731909735035137,0.16681283003377306,0.1679323792286306,23343.31385504275,0.6098538055343048
Onondaga County,2013,54242,132300,759,36,067,467026,549,613,784,1029,1129,3.9819166666666668,0.1075,232.95175,1.4659715509759863,0.16791416245713653,0.17344493197153496,23284.650147509084,0.6686202020574462
Onondaga County,2014,54498,134200,771,36,067,467026,561,626,801,1051,1153,4.172833333333333,0.08916666666666667,236.715,1.6154632879984865,0.16976769789717053,0.17637344489706044,23022.622140548763,0.7084123087085764
Onondaga County,2015,55092,135900,787,36,067,467026,555,619,792,1039,1140,3.849,0.1325,237.00175000000002,0.12113723253701636,0.1714223480723154,0.17251143541712044,23245.397977019154,0.659804617730342
Onondaga County,2016,55717,137000,797,36,067,467026,545,637,809,1060,1153,3.6477083333333336,0.395,240.00541666666666,1.2673605433996427,0.1716531758709191,0.17423766534450885,23214.892719435153,0.6261407200674839
Onondaga County,2017,57271,139400,823,36,067,467026,579,647,817,1071,1169,3.991,1.0016666666666667,245.121,2.1314449500271726,0.17244329590892424,0.1711861151368057,23364.379224954206,0.6882211939725167
Onondaga County,2018,59225,142300,852,36,067,467026,626,719,906,1166,1279,4.539041666666667,1.8316666666666666,251.0995,2.438999514525486,0.17262980160405234,0.1835711270578303,23586.267595116675,0.7835738623891938
Onondaga County,2019,61359,145400,872,36,067,467026,599,688,858,1088,1224,3.93375,2.158333333333333,255.65258333333333,1.8132586219141489,0.1705373294871168,0.16779934483938785,24000.93095089006,0.6708512198699457
Onondaga County,2020,62668,148100,888,36,067,467670,633,723,900,1127,1291,3.1136666666666666,0.37583333333333335,258.85575,1.2529373358571627,0.17003893534180123,0.17233675879236612,24209.62254073939,0.5294445650092551
Onondaga County,2021,66012,154100,926,36,067,467670,648,729,901,1124,1303,2.9557083333333334,0.08,270.97341666666665,4.681242996018686,0.1683330303581167,0.16378840210870751,24361.061248012953,0.49754334060473854
Onondaga County,2022,71479,172800,1002,36,067,467670,694,781,966,1198,1390,5.3275,1.6833333333333333,292.62641666666667,7.990820747791694,0.16821723862952756,0.1621735055051134,24426.707887217974,0.896177338798808
Onondaga County,2023,74740,185300,1067,36,067,461591,801,897,1109,1367,1579,6.795375,5.024166666666667,304.70300000000003,4.126962791295052,0.1713138881455713,0.17805726518597806,24528.803457793325,1.1641421126572116
Onondaga County,2024,76945,200200,1108,36,067,461591,828,916,1126,1381,1600,6.7236666666666665,5.1433333333333335,313.6981666666667,2.9521096499432797,0.17279875235557865,0.17560595230359347,24528.355016419708,1.1618412112547922
Ontario County,2009,55300,125700,697,36,069,100224,590,652,797,957,1014,5.041375,0.16,214.56466666666665,NA,0.15124773960216997,0.17294755877034357,25773.115797257702,0.7624965732368897
Ontario County,2010,56468,129600,711,36,069,100224,594,657,803,964,1021,4.6905833333333335,0.175,218.07616666666667,1.6365695501278532,0.1510944251611532,0.17064532124389034,25893.705333839785,0.7087209924204859
Ontario County,2011,57069,133600,738,36,069,100224,595,658,804,966,1023,4.4558333333333335,0.10166666666666667,224.923,3.1396522774535196,0.15518057088787257,0.16905850812174736,25372.683095992852,0.6914587604478789
Ontario County,2012,56455,135500,760,36,069,100224,591,654,799,960,1016,3.6559166666666667,0.14,229.58608333333333,2.0731909735035137,0.1615445930387034,0.16983438136568949,24589.905093695794,0.5905935701000797
Ontario County,2013,56479,138100,778,36,069,107931,579,705,859,1083,1157,3.9819166666666668,0.1075,232.95175,1.4659715509759863,0.16530037713132315,0.18251031356787478,24244.934841657123,0.6582123267055011
Ontario County,2014,57318,140100,789,36,069,107931,563,685,834,1051,1123,4.172833333333333,0.08916666666666667,236.715,1.6154632879984865,0.16518371192295614,0.17460483617711714,24213.928141435903,0.6892840992358421
Ontario County,2015,57416,145700,809,36,069,107931,585,712,867,1093,1168,3.849,0.1325,237.00175000000002,0.12113723253701636,0.1690817890483489,0.18120384561794622,24225.98145372344,0.6507958060470949
Ontario County,2016,58070,148400,821,36,069,107931,575,702,863,1071,1183,3.6477083333333336,0.395,240.00541666666666,1.2673605433996427,0.16965731014293095,0.1783364904425693,24195.28725914172,0.6188603840192871
Ontario County,2017,61710,156500,837,36,069,107931,625,737,915,1145,1261,3.991,1.0016666666666667,245.121,2.1314449500271726,0.16276130286825474,0.17792902284880893,25175.32157587477,0.6495803597472047
Ontario County,2018,63359,160000,875,36,069,107931,632,741,924,1158,1258,4.539041666666667,1.8316666666666666,251.0995,2.438999514525486,0.16572231253649836,0.1750027620385423,25232.626906863614,0.7522204816995217
Ontario County,2019,64944,161800,896,36,069,107931,650,760,951,1192,1285,3.93375,2.158333333333333,255.65258333333333,1.8132586219141489,0.1655580192165558,0.17572062084257206,25403.22462352066,0.6512638580931264
Ontario County,2020,64795,163100,898,36,069,109490,668,775,972,1211,1317,3.1136666666666666,0.37583333333333335,258.85575,1.2529373358571627,0.16630912879080176,0.1800138899606451,25031.31570382346,0.5178311906782931
Ontario County,2021,70694,169200,962,36,069,109490,698,805,1006,1251,1364,2.9557083333333334,0.08,270.97341666666665,4.681242996018686,0.16329532916513423,0.17076413839929838,26088.906015073433,0.48265336520779695
Ontario County,2022,76603,192800,1061,36,069,109490,727,828,1039,1284,1409,5.3275,1.6833333333333333,292.62641666666667,7.990820747791694,0.16620758978107908,0.16276124955941673,26177.745971328062,0.8854709345586987
Ontario County,2023,79814,202900,1126,36,069,109774,839,950,1186,1443,1593,6.795375,5.024166666666667,304.70300000000003,4.126962791295052,0.16929360763775778,0.1783145814017591,26194.031565163452,1.1504135490014282
Ontario County,2024,82324,222900,1150,36,069,109774,938,1050,1307,1580,1741,6.7236666666666665,5.1433333333333335,313.6981666666667,2.9521096499432797,0.1676303386618726,0.19051552402701522,26243.060606559702,1.1270905203828774
Orange County,2009,69255,315000,1007,36,071,341367,776,913,1117,1369,1459,5.041375,0.16,214.56466666666665,NA,0.17448559670781894,0.19354559237600175,32276.982541393892,0.8796473251028808
Orange County,2010,69523,312100,1031,36,071,341367,784,922,1128,1383,1473,4.6905833333333335,0.175,218.07616666666667,1.6365695501278532,0.17795549674208536,0.194698157444299,31880.145851181966,0.8347150870934799
Orange County,2011,70294,299500,1090,36,071,341367,803,944,1156,1417,1510,4.4558333333333335,0.10166666666666667,224.923,3.1396522774535196,0.18607562523117194,0.19734258969471077,31252.473068561238,0.829121973425897
Orange County,2012,70712,288800,1123,36,071,341367,826,971,1189,1458,1553,3.6559166666666667,0.14,229.58608333333333,2.0731909735035137,0.1905758569973979,0.20177621902930196,30799.776264022974,0.6967294518610703
Orange County,2013,70458,276900,1133,36,071,372813,853,984,1211,1517,1618,3.9819166666666668,0.1075,232.95175,1.4659715509759863,0.1929660223111641,0.206250532231968,30245.748314833436,0.7683746203411962
Orange County,2014,70794,268500,1156,36,071,372813,886,1023,1258,1576,1681,4.172833333333333,0.08916666666666667,236.715,1.6154632879984865,0.19594880922112043,0.21323841003474872,29906.8500095051,0.8176617227448654
Orange County,2015,70848,262500,1155,36,071,372813,837,966,1188,1488,1588,3.849,0.1325,237.00175000000002,0.12113723253701636,0.195630081300813,0.20121951219512196,29893.450153849073,0.7529801829268292
Orange County,2016,71910,258700,1157,36,071,372813,842,1036,1271,1615,1853,3.6477083333333336,0.395,240.00541666666666,1.2673605433996427,0.19307467667918232,0.21209845640383812,29961.823778282782,0.7042801070782924
Orange County,2017,75146,260300,1187,36,071,372813,857,1021,1269,1628,1888,3.991,1.0016666666666667,245.121,2.1314449500271726,0.18955100737231523,0.20264551672743725,30656.696080711157,0.7564980704229101
Orange County,2018,76716,263700,1223,36,071,372813,916,1057,1321,1692,2000,4.539041666666667,1.8316666666666666,251.0995,2.438999514525486,0.19130298764273423,0.20663225402784297,30552.03216254911,0.8683322318681892
Orange County,2019,79944,271200,1259,36,071,372813,969,1073,1346,1721,2008,3.93375,2.158333333333333,255.65258333333333,1.8132586219141489,0.18898228760132094,0.2020414290003002,31270.562165908097,0.7434090738516962
Orange County,2020,80816,278400,1294,36,071,378175,1021,1112,1397,1780,2049,3.1136666666666666,0.37583333333333335,258.85575,1.2529373358571627,0.1921401702633142,0.20743417145119777,31220.477041750088,0.5982604434765393
Orange County,2021,85640,291900,1379,36,071,378175,1088,1160,1467,1868,2097,2.9557083333333334,0.08,270.97341666666665,4.681242996018686,0.1932274638019617,0.20555815039701075,31604.576217654805,0.5711240249883233
Orange County,2022,91806,337800,1494,36,071,378175,1033,1107,1412,1796,2022,5.3275,1.6833333333333333,292.62641666666667,7.990820747791694,0.19528135415985884,0.18456310045095092,31373.107406286224,1.040361414286648
Orange County,2023,96497,361100,1602,36,071,382077,1126,1233,1583,2016,2238,6.795375,5.024166666666667,304.70300000000003,4.126962791295052,0.19921862855840078,0.1968558608039628,31669.19918740544,1.3537652880400426
Orange County,2024,97178,387900,1680,36,071,382077,1237,1419,1825,2315,2560,6.7236666666666665,5.1433333333333335,313.6981666666667,2.9521096499432797,0.20745436209841733,0.22535964930334026,30978.185506343943,1.3948539792957253
Orleans County,2009,46418,84600,633,36,073,44171,590,652,797,957,1014,5.041375,0.16,214.56466666666665,NA,0.16364341419277004,0.20604076004998062,21633.57123105078,0.8249878172260761
Orleans County,2010,48063,86400,630,36,073,44171,594,657,803,964,1021,4.6905833333333335,0.175,218.07616666666667,1.6365695501278532,0.15729355221272082,0.20048686099494414,22039.547344696846,0.7377985144497847
Orleans County,2011,47788,87700,622,36,073,44171,595,658,804,966,1023,4.4558333333333335,0.10166666666666667,224.923,3.1396522774535196,0.15618983845316817,0.20189168828994727,21246.382095205914,0.6959558885075752
Orleans County,2012,50113,89400,640,36,073,44171,591,654,799,960,1016,3.6559166666666667,0.14,229.58608333333333,2.0731909735035137,0.15325364675832617,0.19132759962484785,21827.542537602996,0.5602825614112107
Orleans County,2013,48502,91100,634,36,073,42883,579,705,859,1083,1157,3.9819166666666668,0.1075,232.95175,1.4659715509759863,0.15685951094800216,0.21252731846109438,20820.620579154267,0.6246015009690322
Orleans County,2014,48015,91300,638,36,073,42883,563,685,834,1051,1123,4.172833333333333,0.08916666666666667,236.715,1.6154632879984865,0.15945017182130583,0.2084348641049672,20283.885685317786,0.6653589919816724
Orleans County,2015,46359,91300,639,36,073,42883,585,712,867,1093,1168,3.849,0.1325,237.00175000000002,0.12113723253701636,0.16540477577169482,0.22442244224422442,19560.615058749565,0.6366429819452534
Orleans County,2016,48731,92000,658,36,073,42883,575,702,863,1071,1183,3.6477083333333336,0.395,240.00541666666666,1.2673605433996427,0.16203238185138824,0.2125135950421703,20304.125080510337,0.5910468695491576
Orleans County,2017,49223,93600,683,36,073,42883,625,737,915,1145,1261,3.991,1.0016666666666667,245.121,2.1314449500271726,0.16650752696909982,0.2230664526745627,20081.102802289482,0.6645315401336774
Orleans County,2018,51843,95600,723,36,073,42883,632,741,924,1158,1258,4.539041666666667,1.8316666666666666,251.0995,2.438999514525486,0.16735142642208206,0.2138765117759389,20646.397145354727,0.7596150975059315
Orleans County,2019,52620,98400,728,36,073,42883,650,760,951,1192,1285,3.93375,2.158333333333333,255.65258333333333,1.8132586219141489,0.1660205245153934,0.2168757126567845,20582.620098695137,0.6530832383124288
Orleans County,2020,52958,101400,782,36,073,41585,668,775,972,1211,1317,3.1136666666666666,0.37583333333333335,258.85575,1.2529373358571627,0.17719702405679974,0.22025000944144416,20458.4986039522,0.5517324672381888
Orleans County,2021,54882,107700,802,36,073,41585,698,805,1006,1251,1364,2.9557083333333334,0.08,270.97341666666665,4.681242996018686,0.17535804088772275,0.21996282934295397,20253.647267367247,0.5183072227688496
Orleans County,2022,61069,122200,840,36,073,41585,727,828,1039,1284,1409,5.3275,1.6833333333333333,292.62641666666667,7.990820747791694,0.16505919533642274,0.20416250470778954,20869.271030155913,0.8793528631547921
Orleans County,2023,63838,126200,877,36,073,40624,839,950,1186,1443,1593,6.795375,5.024166666666667,304.70300000000003,4.126962791295052,0.164854788683856,0.2229393151414518,20950.89316481951,1.120250109652558
Orleans County,2024,65969,140800,874,36,073,40624,938,1050,1307,1580,1741,6.7236666666666665,5.1433333333333335,313.6981666666667,2.9521096499432797,0.15898376510179024,0.23774803316709364,21029.450283685645,1.0689538419560702
Oswego County,2009,45071,84900,653,36,075,122377,624,626,754,965,1045,5.041375,0.16,214.56466666666665,NA,0.1738590224312751,0.20074992789154888,21005.78846470528,0.8764885292094696
Oswego County,2010,45333,88000,665,36,075,122377,628,630,759,972,1052,4.6905833333333335,0.175,218.07616666666667,1.6365695501278532,0.17603070610813315,0.2009132420091324,20787.691150721803,0.8256866962257076
Oswego County,2011,47036,90600,691,36,075,122377,634,636,766,980,1062,4.4558333333333335,0.10166666666666667,224.923,3.1396522774535196,0.17629050089293308,0.19542478101879412,20912.0454555559,0.785521090228761
Oswego County,2012,47288,92500,701,36,075,122377,621,623,750,960,1040,3.6559166666666667,0.14,229.58608333333333,2.0731909735035137,0.17788868211808492,0.19032312637455592,20597.06725835952,0.6503461977668753
Oswego County,2013,48051,93000,719,36,075,122109,549,613,784,1029,1129,3.9819166666666668,0.1075,232.95175,1.4659715509759863,0.17955921833052382,0.1957919710307798,20627.01825592639,0.7149898441239517
Oswego County,2014,47646,92900,725,36,075,122109,561,626,801,1051,1153,4.172833333333333,0.08916666666666667,236.715,1.6154632879984865,0.1825966502959325,0.20173781639591992,20128.002027754894,0.761945388909877
Oswego County,2015,47860,94800,721,36,075,122109,555,619,792,1039,1140,3.849,0.1325,237.00175000000002,0.12113723253701636,0.1807772670288341,0.19857918930213123,20193.943715605474,0.6958117007939825
Oswego County,2016,49571,96000,725,36,075,122109,545,637,809,1060,1153,3.6477083333333336,0.395,240.00541666666666,1.2673605433996427,0.17550584010812773,0.19584030985858666,20654.11718138306,0.6401941155110851
Oswego County,2017,51755,97800,748,36,075,122109,579,647,817,1071,1169,3.991,1.0016666666666667,245.121,2.1314449500271726,0.173432518597237,0.18943097285286445,21114.062034668594,0.6921691817215728
Oswego County,2018,53597,102000,763,36,075,122109,626,719,906,1166,1279,4.539041666666667,1.8316666666666666,251.0995,2.438999514525486,0.17083045692855944,0.20284717428214266,21344.925019763083,0.7754065619344367
Oswego County,2019,55967,104600,777,36,075,122109,599,688,858,1088,1224,3.93375,2.158333333333333,255.65258333333333,1.8132586219141489,0.16659817392391946,0.18396555112834348,21891.818682319856,0.6553555666732181
Oswego County,2020,59070,109500,806,36,075,119835,633,723,900,1127,1291,3.1136666666666666,0.37583333333333335,258.85575,1.2529373358571627,0.163737938039614,0.1828339258506856,22819.659211742448,0.5098253597426782
Oswego County,2021,61983,115900,844,36,075,119835,648,729,901,1124,1303,2.9557083333333334,0.08,270.97341666666665,4.681242996018686,0.16339964183727795,0.17443492570543537,22874.199529412635,0.48296168304212445
Oswego County,2022,65054,131800,899,36,075,119835,694,781,966,1198,1390,5.3275,1.6833333333333333,292.62641666666667,7.990820747791694,0.16583146309220032,0.17819042641497831,22231.07562913692,0.8834671196236972
Oswego County,2023,68461,139600,943,36,075,117630,801,897,1109,1367,1579,6.795375,5.024166666666667,304.70300000000003,4.126962791295052,0.16529118768349862,0.19438804574867444,22468.10828905524,1.1232156045047546
Oswego County,2024,69183,151700,967,36,075,117630,828,916,1126,1381,1600,6.7236666666666665,5.1433333333333335,313.6981666666667,2.9521096499432797,0.16772906638914184,0.1953080959195178,22054.002015738057,1.1277543327117934
Otsego County,2009,44057,123900,716,36,077,61676,592,606,712,946,984,5.041375,0.16,214.56466666666665,NA,0.19502008761377307,0.19393058991760673,20533.203665095527,0.9831693941938853
Otsego County,2010,45268,129000,733,36,077,61676,614,629,739,982,1021,4.6905833333333335,0.175,218.07616666666667,1.6365695501278532,0.19430944596624547,0.1958999734912079,20757.885050865254,0.9114246487585049
Otsego County,2011,45334,131100,760,36,077,61676,609,624,733,974,1013,4.4558333333333335,0.10166666666666667,224.923,3.1396522774535196,0.20117351215423301,0.1940265584329642,20155.34205039058,0.89639564124057
Otsego County,2012,46358,134200,768,36,077,61676,699,716,841,1118,1162,3.6559166666666667,0.14,229.58608333333333,2.0731909735035137,0.1988006385089952,0.2176970533672721,20191.99044076786,0.7267985676690107
Otsego County,2013,47765,137900,775,36,077,62259,607,657,816,1097,1165,3.9819166666666668,0.1075,232.95175,1.4659715509759863,0.19470323458599392,0.2050036637705433,20504.24605095261,0.775292054851879
Otsego County,2014,47884,139000,775,36,077,62259,628,680,844,1134,1205,4.172833333333333,0.08916666666666667,236.715,1.6154632879984865,0.1942193634616991,0.21151115195054715,20228.544874638275,0.81044503383176
Otsego County,2015,48588,142800,776,36,077,62259,624,676,839,1127,1198,3.849,0.1325,237.00175000000002,0.12113723253701636,0.19165225981723882,0.20721165719930848,20501.11444324778,0.7376695480365523
Otsego County,2016,49689,140600,775,36,077,62259,648,652,823,1072,1198,3.6477083333333336,0.395,240.00541666666666,1.2673605433996427,0.1871641610819296,0.19875626396184265,20703.28273841042,0.682720270079897
Otsego County,2017,51254,141900,808,36,077,62259,670,675,853,1100,1296,3.991,1.0016666666666667,245.121,2.1314449500271726,0.1891754789870059,0.19971124204940102,20909.673181816328,0.7549993366371406
Otsego County,2018,53121,144000,833,36,077,62259,654,658,832,1043,1295,4.539041666666667,1.8316666666666666,251.0995,2.438999514525486,0.18817416840797424,0.18794826904613995,21155.358732295364,0.8541303909941454
Otsego County,2019,54028,146400,833,36,077,62259,652,657,832,1042,1329,3.93375,2.158333333333333,255.65258333333333,1.8132586219141489,0.18501517731546605,0.18479307025986524,21133.367516007238,0.7278034537647146
Otsego County,2020,56171,150700,827,36,077,60750,692,696,873,1095,1404,3.1136666666666666,0.37583333333333335,258.85575,1.2529373358571627,0.17667479660322943,0.1865019316017162,21699.730448328846,0.5501064250235888
Otsego County,2021,60523,154200,863,36,077,60750,732,737,916,1182,1425,2.9557083333333334,0.08,270.97341666666665,4.681242996018686,0.17110850420501297,0.18161690596963137,22335.401289363872,0.5057468317829585
Otsego County,2022,65778,166500,927,36,077,60750,723,734,892,1151,1307,5.3275,1.6833333333333333,292.62641666666667,7.990820747791694,0.16911429353279211,0.1627291799689866,22478.49006568956,0.9009563987959499
Otsego County,2023,67086,175900,942,36,077,59593,720,827,990,1254,1381,6.795375,5.024166666666667,304.70300000000003,4.126962791295052,0.16850013415615778,0.17708612825328682,22016.8491941333,1.1450215991414006
Otsego County,2024,68885,179100,987,36,077,59593,719,879,1061,1304,1413,6.7236666666666665,5.1433333333333335,313.6981666666667,2.9521096499432797,0.1719387384771721,0.18482978877839878,21959.006242199906,1.1560587646076794
Putnam County,2009,88036,421200,1226,36,079,95745,1091,1180,1313,1615,1817,5.041375,0.16,214.56466666666665,NA,0.1671134535871689,0.1789722386296515,41030.054653298,0.8424815870780137
Putnam County,2010,89218,418100,1216,36,079,95745,1129,1222,1359,1672,1880,4.6905833333333335,0.175,218.07616666666667,1.6365695501278532,0.16355443968705866,0.18278822659104665,40911.39410771619,0.7671657288887892
Putnam County,2011,92711,406000,1268,36,079,95745,1166,1261,1403,1726,1941,4.4558333333333335,0.10166666666666667,224.923,3.1396522774535196,0.1641229196104022,0.18159657430078416,41218.99494493671,0.7313043759640172
Putnam County,2012,95259,385600,1278,36,079,95745,1183,1280,1424,1752,1970,3.6559166666666667,0.14,229.58608333333333,2.0731909735035137,0.1609926621106667,0.17938462507479608,41491.62641609012,0.5885757566214216
Putnam County,2013,95117,372200,1259,36,079,99710,1191,1243,1474,1895,2124,3.9819166666666668,0.1075,232.95175,1.4659715509759863,0.15883595992304214,0.18596044871053544,40831.202169547985,0.6324715560835602
Putnam County,2014,96262,362400,1234,36,079,99710,1163,1215,1440,1852,2075,4.172833333333333,0.08916666666666667,236.715,1.6154632879984865,0.15383017182273379,0.17951008705408156,40665.77952390005,0.6419076686542976
Putnam County,2015,96148,354900,1234,36,079,99710,1196,1249,1481,1904,2134,3.849,0.1325,237.00175000000002,0.12113723253701636,0.15401256396388902,0.18484003827432707,40568.47681504461,0.5927943586970088
Putnam County,2016,97606,354800,1307,36,079,99710,1293,1357,1571,2021,2224,3.6477083333333336,0.395,240.00541666666666,1.2673605433996427,0.16068684302194539,0.19314386410671475,40668.24880688456,0.5861387363481754
Putnam County,2017,99608,357700,1334,36,079,99710,1352,1419,1637,2102,2267,3.991,1.0016666666666667,245.121,2.1314449500271726,0.16070998313388482,0.1972130752549996,40636.25719542593,0.6413935426873343
Putnam County,2018,102186,356300,1387,36,079,99710,1514,1558,1789,2280,2437,4.539041666666667,1.8316666666666666,251.0995,2.438999514525486,0.1628794551112677,0.21008748752275264,40695.4215360843,0.7393166333940071
Putnam County,2019,104486,358500,1453,36,079,99710,1559,1599,1831,2324,2475,3.93375,2.158333333333333,255.65258333333333,1.8132586219141489,0.16687403097065637,0.21028654556591314,40870.308696926266,0.6564407193308195
Putnam County,2020,107246,366400,1489,36,079,99465,1665,1714,1951,2472,2643,3.1136666666666666,0.37583333333333335,258.85575,1.2529373358571627,0.16660761240512467,0.21830184808757436,41430.79688204724,0.5187605691587565
Putnam County,2021,111617,377800,1544,36,079,99465,1760,1801,2053,2598,2784,2.9557083333333334,0.08,270.97341666666665,4.681242996018686,0.16599621921391902,0.22071906609208275,41191.125451727894,0.49063640843240724
Putnam County,2022,120970,421800,1691,36,079,99465,2018,2054,2340,2952,3173,5.3275,1.6833333333333333,292.62641666666667,7.990820747791694,0.16774406877738282,0.2321236670248822,41339.398328414754,0.893656526411507
Putnam County,2023,127405,448000,1824,36,079,98714,2123,2170,2451,3078,3316,6.795375,5.024166666666667,304.70300000000003,4.126962791295052,0.17179859503159217,0.23085436207370197,41812.84726438532,1.1674358777128055
Putnam County,2024,126257,471300,1775,36,079,98714,2386,2451,2752,3434,3700,6.7236666666666665,5.1433333333333335,313.6981666666667,2.9521096499432797,0.16870351742873663,0.26156173519092013,40247.92409263894,1.1343062166850155
Queens County,2009,54870,470500,1136,36,081,2229379,1091,1180,1313,1615,1817,5.041375,0.16,214.56466666666665,NA,0.2484417714598141,0.28715144887916894,25572.71001438572,1.2524881355932205
Queens County,2010,55291,479300,1181,36,081,2229379,1129,1222,1359,1672,1880,4.6905833333333335,0.175,218.07616666666667,1.6365695501278532,0.2563165795518258,0.29494854497115264,25353.98564874505,1.2022742761028016
Queens County,2011,56406,474000,1235,36,081,2229379,1166,1261,1403,1726,1941,4.4558333333333335,0.10166666666666667,224.923,3.1396522774535196,0.2627380065950431,0.29847888522497606,25077.91555332269,1.1707167677197463
Queens County,2012,56780,462800,1283,36,081,2229379,1183,1280,1424,1752,1970,3.6559166666666667,0.14,229.58608333333333,2.0731909735035137,0.2711518140190208,0.30095103909827403,24731.46419661761,0.9913084360690384
Queens County,2013,57001,450900,1315,36,081,2230722,1191,1243,1474,1895,2124,3.9819166666666668,0.1075,232.95175,1.4659715509759863,0.2768372484693251,0.31031034543253627,24469.015579406467,1.1023428536341469
Queens County,2014,57210,446800,1350,36,081,2230722,1163,1215,1440,1852,2075,4.172833333333333,0.08916666666666667,236.715,1.6154632879984865,0.2831672784478238,0.30204509701101206,24168.303656295542,1.1816098584163608
Queens County,2015,57720,450300,1367,36,081,2230722,1196,1249,1481,1904,2134,3.849,0.1325,237.00175000000002,0.12113723253701636,0.2841995841995842,0.3079002079002079,24354.250548782868,1.0938841995841997
Queens County,2016,59758,462300,1401,36,081,2230722,1293,1357,1571,2021,2224,3.6477083333333336,0.395,240.00541666666666,1.2673605433996427,0.2813347166906523,0.3154724053683189,24898.60471899072,1.0262269905284649
Queens County,2017,62008,481300,1456,36,081,2230722,1352,1419,1637,2102,2267,3.991,1.0016666666666667,245.121,2.1314449500271726,0.2817700941813959,0.3167978325377371,25296.894186952566,1.1245444458779512
Queens County,2018,64987,504900,1520,36,081,2230722,1514,1558,1789,2280,2437,4.539041666666667,1.8316666666666666,251.0995,2.438999514525486,0.28067151891916847,0.3303429916752581,25880.97546988345,1.2739797190207274
Queens County,2019,68666,543800,1583,36,081,2230722,1559,1599,1831,2324,2475,3.93375,2.158333333333333,255.65258333333333,1.8132586219141489,0.2766434625578889,0.3199836891620307,26859.106645705062,1.0882462208370955
Queens County,2020,72028,575600,1629,36,081,2339280,1665,1714,1951,2472,2643,3.1136666666666666,0.37583333333333335,258.85575,1.2529373358571627,0.2713944577108902,0.3250402621202866,27825.536036962672,0.8450318764924751
Queens County,2021,75886,603200,1711,36,081,2339280,1760,1801,2053,2598,2784,2.9557083333333334,0.08,270.97341666666665,4.681242996018686,0.27056374034736314,0.32464486202988696,28004.961126260543,0.7997075020425375
Queens County,2022,82431,677700,1847,36,081,2339280,2018,2054,2340,2952,3173,5.3275,1.6833333333333333,292.62641666666667,7.990820747791694,0.2688794264293773,0.3406485424172945,28169.36383904734,1.4324551443025073
Queens County,2023,84961,699200,1915,36,081,2270976,2123,2170,2451,3078,3316,6.795375,5.024166666666667,304.70300000000003,4.126962791295052,0.27047704240769294,0.3461823660267652,27883.217428118525,1.8379929320511763
Queens County,2024,86136,723800,1956,36,081,2270976,2386,2451,2752,3434,3700,6.7236666666666665,5.1433333333333335,313.6981666666667,2.9521096499432797,0.27249930342713846,0.38339370298133185,27458.241441215516,1.8321944831429366
Rensselaer County,2009,54221,162700,756,36,083,152538,686,711,868,1039,1135,5.041375,0.16,214.56466666666665,NA,0.16731524686007265,0.1921026908393427,25270.23710023707,0.8434989026391988
Rensselaer County,2010,54152,171200,779,36,083,152538,690,716,874,1046,1143,4.6905833333333335,0.175,218.07616666666667,1.6365695501278532,0.17262520313192495,0.1936770571724036,24831.691068181837,0.8097129007238884
Rensselaer County,2011,56271,177300,810,36,083,152538,711,737,900,1077,1177,4.4558333333333335,0.10166666666666667,224.923,3.1396522774535196,0.17273551207549181,0.19192834675054646,25017.89501295999,0.769680652556379
Rensselaer County,2012,58959,181600,835,36,083,152538,687,713,870,1041,1138,3.6559166666666667,0.14,229.58608333333333,2.0731909735035137,0.16994860835495854,0.1770722027171424,25680.563535899568,0.6213179497616989
Rensselaer County,2013,59432,178200,858,36,083,159429,657,744,921,1147,1231,3.9819166666666668,0.1075,232.95175,1.4659715509759863,0.17324000538430476,0.18596042536007537,25512.579321683566,0.6898272647731862
Rensselaer County,2014,60140,177700,871,36,083,159429,662,750,929,1157,1242,4.172833333333333,0.08916666666666667,236.715,1.6154632879984865,0.17379447954772198,0.18536747588959096,25406.079040196015,0.7252153974060526
Rensselaer County,2015,60709,179100,875,36,083,159429,690,782,968,1206,1294,3.849,0.1325,237.00175000000002,0.12113723253701636,0.17295623383682815,0.19133901069034245,25615.422670929645,0.6657085440379515
Rensselaer County,2016,61754,180700,883,36,083,159429,685,823,1005,1247,1378,3.6477083333333336,0.395,240.00541666666666,1.2673605433996427,0.17158402694562297,0.19529099329598082,25730.25261582638,0.6258884849564401
Rensselaer County,2017,63166,183400,908,36,083,159429,690,817,1006,1259,1387,3.991,1.0016666666666667,245.121,2.1314449500271726,0.1724978627742773,0.19111547351423233,25769.31393067097,0.6884389703321407
Rensselaer County,2018,65851,185100,945,36,083,159429,700,837,1032,1294,1406,4.539041666666667,1.8316666666666666,251.0995,2.438999514525486,0.17220695205843495,0.18806092542254482,26225.062176547544,0.7816545306829054
Rensselaer County,2019,68991,188700,973,36,083,159429,768,904,1115,1397,1507,3.93375,2.158333333333333,255.65258333333333,1.8132586219141489,0.1692394660173066,0.19393833978345001,26986.23229245679,0.6657457494455798
Rensselaer County,2020,72510,197100,987,36,083,159800,747,855,1054,1313,1428,3.1136666666666666,0.37583333333333335,258.85575,1.2529373358571627,0.16334298717418286,0.17443111294993793,28011.74012939639,0.508595614398014
Rensselaer County,2021,76731,204200,1046,36,083,159800,809,912,1117,1389,1515,2.9557083333333334,0.08,270.97341666666665,4.681242996018686,0.16358447042264534,0.1746881964264769,28316.799833686026,0.48350798243213305
Rensselaer County,2022,83734,230800,1141,36,083,159800,890,991,1207,1492,1637,5.3275,1.6833333333333333,292.62641666666667,7.990820747791694,0.1635178063868918,0.17297632980629135,28614.64147831265,0.8711411135261661
Rensselaer County,2023,86663,244300,1182,36,083,159013,968,1079,1313,1598,1764,6.795375,5.024166666666667,304.70300000000003,4.126962791295052,0.16366846289650716,0.18180769186388654,28441.79414052372,1.1121885810553522
Rensselaer County,2024,87915,258400,1217,36,083,159013,1011,1131,1374,1661,1830,6.7236666666666665,5.1433333333333335,313.6981666666667,2.9521096499432797,0.1661149974407098,0.18754478757891144,28025.347082572473,1.116901871125519
Richmond County,2009,71206,461000,1079,36,085,443728,1091,1180,1313,1615,1817,5.041375,0.16,214.56466666666665,NA,0.1818386091059742,0.22127348818919754,33186.26552368051,0.9167166179816308
Richmond County,2010,71084,461700,1107,36,085,443728,1129,1222,1359,1672,1880,4.6905833333333335,0.175,218.07616666666667,1.6365695501278532,0.18687749704574869,0.2294187158854313,32595.95080312154,0.876564473017838
Richmond County,2011,72752,456100,1143,36,085,443728,1166,1261,1403,1726,1941,4.4558333333333335,0.10166666666666667,224.923,3.1396522774535196,0.18853089949417198,0.23141631845172642,32345.291499757695,0.840062266329448
Richmond County,2012,73496,449400,1160,36,085,443728,1183,1280,1424,1752,1970,3.6559166666666667,0.14,229.58608333333333,2.0731909735035137,0.18939806247959073,0.2325024491128769,32012.393317974776,0.6924235332535105
Richmond County,2013,72569,441000,1173,36,085,468730,1191,1243,1474,1895,2124,3.9819166666666668,0.1075,232.95175,1.4659715509759863,0.19396712094696084,0.2437404401328391,31151.94455504198,0.7723609116840525
Richmond County,2014,74043,439600,1177,36,085,468730,1163,1215,1440,1852,2075,4.172833333333333,0.08916666666666667,236.715,1.6154632879984865,0.19075402131194036,0.23337790202990155,31279.386604144223,0.7959847385978418
Richmond County,2015,73197,439500,1169,36,085,468730,1196,1249,1481,1904,2134,3.849,0.1325,237.00175000000002,0.12113723253701636,0.1916471986556826,0.242796835935899,30884.58207587075,0.7376500676257224
Richmond County,2016,74021,448000,1191,36,085,468730,1293,1357,1571,2021,2224,3.6477083333333336,0.395,240.00541666666666,1.2673605433996427,0.19308034206508964,0.2546844814309453,30841.38726035697,0.7043007727536781
Richmond County,2017,76244,460200,1229,36,085,468730,1352,1419,1637,2102,2267,3.991,1.0016666666666667,245.121,2.1314449500271726,0.1934316142909606,0.2576465033314097,31104.638117501152,0.7719855726352237
Richmond County,2018,79267,478600,1282,36,085,468730,1514,1558,1789,2280,2437,4.539041666666667,1.8316666666666666,251.0995,2.438999514525486,0.1940782418913293,0.2708314935597411,31567.964093914965,0.8809292265381559
Richmond County,2019,82783,504800,1319,36,085,468730,1559,1599,1831,2324,2475,3.93375,2.158333333333333,255.65258333333333,1.8132586219141489,0.1911986760566783,0.26541681263061256,32381.05358476396,0.7521277919379583
Richmond County,2020,85381,546100,1379,36,085,475950,1665,1714,1951,2472,2643,3.1136666666666666,0.37583333333333335,258.85575,1.2529373358571627,0.19381361192771226,0.2742062051276045,32984.00750224788,0.6034709830055868
Richmond County,2021,89427,575500,1445,36,085,475950,1760,1801,2053,2598,2784,2.9557083333333334,0.08,270.97341666666665,4.681242996018686,0.19390117078734612,0.2754872689456204,33002.13028276759,0.5731153063392488
Richmond County,2022,96185,637100,1602,36,085,475950,2018,2054,2340,2952,3173,5.3275,1.6833333333333333,292.62641666666667,7.990820747791694,0.19986484379061184,0.2919374122784218,32869.55466825307,1.0647799552944845
Richmond County,2023,98290,658500,1689,36,085,475596,2123,2170,2451,3078,3316,6.795375,5.024166666666667,304.70300000000003,4.126962791295052,0.20620612473293315,0.29923695187709837,32257.64104718365,1.4012479448570556
Richmond County,2024,98333,675500,1733,36,085,475596,2386,2451,2752,3434,3700,6.7236666666666665,5.1433333333333335,313.6981666666667,2.9521096499432797,0.2114854626625853,0.33583842657093754,31346.373823245165,1.4219577557890026
Rockland County,2009,82368,481300,1218,36,087,286753,1091,1180,1313,1615,1817,5.041375,0.16,214.56466666666665,NA,0.17744755244755245,0.19128787878787878,38388.42679906912,0.8945796547202798
Rockland County,2010,82534,476900,1240,36,087,286753,1129,1222,1359,1672,1880,4.6905833333333335,0.175,218.07616666666667,1.6365695501278532,0.18028933530423824,0.1975912957084353,37846.40993169818,0.8456621513558049
Rockland County,2011,84661,465100,1299,36,087,286753,1166,1261,1403,1726,1941,4.4558333333333335,0.10166666666666667,224.923,3.1396522774535196,0.18412255938389577,0.1988637034762169,37639.99235293856,0.8204194375214089
Rockland County,2012,86020,449600,1316,36,087,286753,1183,1280,1424,1752,1970,3.6559166666666667,0.14,229.58608333333333,2.0731909735035137,0.18358521274122297,0.19865147640083702,37467.42779487578,0.6711722390141828
Rockland County,2013,84951,435300,1324,36,087,311687,1191,1243,1474,1895,2124,3.9819166666666668,0.1075,232.95175,1.4659715509759863,0.1870254617367659,0.20821414697884663,36467.208338207376,0.7447198031806571
Rockland County,2014,85808,424400,1329,36,087,311687,1163,1215,1440,1852,2075,4.172833333333333,0.08916666666666667,236.715,1.6154632879984865,0.18585679656908446,0.20137982472496738,36249.49834188793,0.7755494359500279
Rockland County,2015,84855,419100,1335,36,087,311687,1196,1249,1481,1904,2134,3.849,0.1325,237.00175000000002,0.12113723253701636,0.18879264627894643,0.20943963231394733,35803.53309627461,0.7266628955276648
Rockland County,2016,86134,420700,1367,36,087,311687,1293,1357,1571,2021,2224,3.6477083333333336,0.395,240.00541666666666,1.2673605433996427,0.1904474423572573,0.2188682750133513,35888.35668639423,0.6946967225485872
Rockland County,2017,88571,425100,1420,36,087,311687,1352,1419,1637,2102,2267,3.991,1.0016666666666667,245.121,2.1314449500271726,0.19238802768400493,0.2217881699427578,36133.583005944005,0.7678206184868637
Rockland County,2018,91108,434000,1463,36,087,311687,1514,1558,1789,2280,2437,4.539041666666667,1.8316666666666666,251.0995,2.438999514525486,0.19269438468630637,0.23563243622952978,36283.62461892596,0.8746478410238399
Rockland County,2019,93024,443400,1504,36,087,311687,1559,1599,1831,2324,2475,3.93375,2.158333333333333,255.65258333333333,1.8132586219141489,0.19401444788441694,0.2361971104231166,36386.88050286994,0.7632043343653251
Rockland County,2020,94840,452500,1558,36,087,325025,1665,1714,1951,2472,2643,3.1136666666666666,0.37583333333333335,258.85575,1.2529373358571627,0.19713201180936313,0.2468578658793758,36638.166237373516,0.6138033741037536
Rockland County,2021,99707,465200,1642,36,087,325025,1760,1801,2053,2598,2784,2.9557083333333334,0.08,270.97341666666665,4.681242996018686,0.1976190237395569,0.2470839559910538,36795.860356535595,0.5841041952922061
Rockland County,2022,106173,528900,1755,36,087,325025,2018,2054,2340,2952,3173,5.3275,1.6833333333333333,292.62641666666667,7.990820747791694,0.19835551411375774,0.26447401881834365,36282.78034820848,1.0567390014410443
Rockland County,2023,110631,564200,1826,36,087,325213,2123,2170,2451,3078,3316,6.795375,5.024166666666667,304.70300000000003,4.126962791295052,0.198063833825962,0.26585676709059847,36307.81449477032,1.3459180247850964
Rockland County,2024,109959,596900,1901,36,087,325213,2386,2451,2752,3434,3700,6.7236666666666665,5.1433333333333335,313.6981666666667,2.9521096499432797,0.20745914386271247,0.30033012304586254,35052.48410228728,1.3948861302849245
Saratoga County,2009,64705,211700,855,36,091,200635,686,711,868,1039,1135,5.041375,0.16,214.56466666666665,NA,0.1585657986245267,0.16097674059191716,30156.409722632186,0.7993896530407233
Saratoga County,2010,65100,221100,871,36,091,200635,690,716,874,1046,1143,4.6905833333333335,0.175,218.07616666666667,1.6365695501278532,0.16055299539170506,0.16110599078341015,29851.955394789435,0.7530872043010752
Saratoga County,2011,67186,224800,903,36,091,200635,711,737,900,1077,1177,4.4558333333333335,0.10166666666666667,224.923,3.1396522774535196,0.16128360075015627,0.16074777483404282,29870.66685043326,0.7186528443425714
Saratoga County,2012,67712,227700,935,36,091,200635,687,713,870,1041,1138,3.6559166666666667,0.14,229.58608333333333,2.0731909735035137,0.16570179584120984,0.15418241965973534,29493.076852436974,0.6057919571124764
Saratoga County,2013,69826,230700,952,36,091,219607,657,744,921,1147,1231,3.9819166666666668,0.1075,232.95175,1.4659715509759863,0.16360667946037294,0.15827915103256668,29974.447498248024,0.65146816372125
Saratoga County,2014,70581,230900,978,36,091,219607,662,750,929,1157,1242,4.172833333333333,0.08916666666666667,236.715,1.6154632879984865,0.16627704339694818,0.15794618948442216,29816.86838603384,0.6938463892548986
Saratoga County,2015,71496,232900,993,36,091,219607,690,782,968,1206,1294,3.849,0.1325,237.00175000000002,0.12113723253701636,0.16666666666666666,0.16247062772742532,30166.865856475742,0.6415
Saratoga County,2016,74080,238600,1026,36,091,219607,685,823,1005,1247,1378,3.6477083333333336,0.395,240.00541666666666,1.2673605433996427,0.1661987041036717,0.16279697624190065,30865.970038870648,0.6062443979481642
Saratoga County,2017,77548,243600,1046,36,091,219607,690,817,1006,1259,1387,3.991,1.0016666666666667,245.121,2.1314449500271726,0.16186104090369835,0.15567132614638676,31636.620281412037,0.6459874142466602
Saratoga County,2018,80839,251200,1090,36,091,219607,700,837,1032,1294,1406,4.539041666666667,1.8316666666666666,251.0995,2.438999514525486,0.1618030900926533,0.15319338438130112,32194.010740762125,0.7344309677259739
Saratoga County,2019,84291,258300,1138,36,091,219607,768,904,1115,1397,1507,3.93375,2.158333333333333,255.65258333333333,1.8132586219141489,0.16201017902267145,0.15873580809339075,32970.91658569197,0.6373075417304338
Saratoga County,2020,85224,266000,1151,36,091,226630,747,855,1054,1313,1428,3.1136666666666666,0.37583333333333335,258.85575,1.2529373358571627,0.16206702337369755,0.14840889890171782,32923.35596176635,0.5046226884445696
Saratoga County,2021,90800,273500,1198,36,091,226630,809,912,1117,1389,1515,2.9557083333333334,0.08,270.97341666666665,4.681242996018686,0.1583259911894273,0.14762114537444934,33508.82205234769,0.4679654515418502
Saratoga County,2022,97038,306000,1305,36,091,226630,890,991,1207,1492,1637,5.3275,1.6833333333333333,292.62641666666667,7.990820747791694,0.16138007790762382,0.14926111420268348,33161.05261629091,0.8597523650528659
Saratoga County,2023,99653,324800,1347,36,091,229313,968,1079,1313,1598,1764,6.795375,5.024166666666667,304.70300000000003,4.126962791295052,0.16220284386822273,0.1581086369702869,32704.961880913543,1.102229150151024
Saratoga County,2024,100787,348600,1394,36,091,229313,1011,1131,1374,1661,1830,6.7236666666666665,5.1433333333333335,313.6981666666667,2.9521096499432797,0.1659737863018048,0.16359252681397402,32128.65445499894,1.1159524144979014
Schenectady County,2009,54468,153300,761,36,093,146555,686,711,868,1039,1135,5.041375,0.16,214.56466666666665,NA,0.16765807446574135,0.191231548799295,25385.353910398422,0.8452272251597269
Schenectady County,2010,55188,160200,789,36,093,146555,690,716,874,1046,1143,4.6905833333333335,0.175,218.07616666666667,1.6365695501278532,0.1715590345727332,0.19004131332898455,25306.75444435698,0.8047119482496194
Schenectady County,2011,55587,165000,817,36,093,146555,711,737,900,1077,1177,4.4558333333333335,0.10166666666666667,224.923,3.1396522774535196,0.17637217334988398,0.19429003184197743,24713.790941788968,0.785885009084858
Schenectady County,2012,56445,166600,825,36,093,146555,687,713,870,1041,1138,3.6559166666666667,0.14,229.58608333333333,2.0731909735035137,0.17539197448844007,0.1849588094605368,24585.549428990507,0.6412184427318629
Schenectady County,2013,56061,166500,835,36,093,154727,657,744,921,1147,1231,3.9819166666666668,0.1075,232.95175,1.4659715509759863,0.17873387916733557,0.19714239845882164,24065.498542080066,0.7117034123543997
Schenectady County,2014,57025,166900,849,36,093,154727,662,750,929,1157,1242,4.172833333333333,0.08916666666666667,236.715,1.6154632879984865,0.17865848312143798,0.19549320473476545,24090.150603045855,0.7455120736519071
Schenectady County,2015,58114,165800,845,36,093,154727,690,782,968,1206,1294,3.849,0.1325,237.00175000000002,0.12113723253701636,0.17448463365109956,0.1998829886085969,24520.49404698488,0.6715913549230823
Schenectady County,2016,59959,165000,857,36,093,154727,685,823,1005,1247,1378,3.6477083333333336,0.395,240.00541666666666,1.2673605433996427,0.1715172034223386,0.201137443920012,24982.352828842406,0.625644732233693
Schenectady County,2017,61315,164100,894,36,093,154727,690,817,1006,1259,1387,3.991,1.0016666666666667,245.121,2.1314449500271726,0.17496534290141075,0.19688493843268368,25014.17667192937,0.6982866835195303
Schenectady County,2018,63785,165400,922,36,093,154727,700,837,1032,1294,1406,4.539041666666667,1.8316666666666666,251.0995,2.438999514525486,0.17345770949282746,0.19415223014815394,25402.28076917716,0.787331770792506
Schenectady County,2019,65499,169600,945,36,093,154727,768,904,1115,1397,1507,3.93375,2.158333333333333,255.65258333333333,1.8132586219141489,0.17313241423533185,0.2042779279072963,25620.316112588996,0.6810596344982366
Schenectady County,2020,66488,172500,964,36,093,155240,747,855,1054,1313,1428,3.1136666666666666,0.37583333333333335,258.85575,1.2529373358571627,0.17398628323908075,0.19022981590662977,25685.347920608292,0.541735290578751
Schenectady County,2021,69891,178000,1018,36,093,155240,809,912,1117,1389,1515,2.9557083333333334,0.08,270.97341666666665,4.681242996018686,0.17478645319139804,0.19178434991629822,25792.566983046618,0.5166177762515918
Schenectady County,2022,75056,204400,1092,36,093,155240,890,991,1207,1492,1637,5.3275,1.6833333333333333,292.62641666666667,7.990820747791694,0.17458963973566405,0.19297591131954808,25649.085566152746,0.9301263056917501
Schenectady County,2023,76989,223100,1159,36,093,155086,968,1079,1313,1598,1764,6.795375,5.024166666666667,304.70300000000003,4.126962791295052,0.18064918364961227,0.20465261271090676,25266.899242869284,1.227578946342984
Schenectady County,2024,79623,235700,1194,36,093,155086,1011,1131,1374,1661,1830,6.7236666666666665,5.1433333333333335,313.6981666666667,2.9521096499432797,0.17994800497343733,0.20707584491918166,25382.04186720887,1.209910402773068
Schoharie County,2009,49695,133400,645,36,095,31582,686,711,868,1039,1135,5.041375,0.16,214.56466666666665,NA,0.1557500754603079,0.20959855116208875,23160.84972051938,0.7851945366737098
Schoharie County,2010,50864,139000,671,36,095,31582,690,716,874,1046,1143,4.6905833333333335,0.175,218.07616666666667,1.6365695501278532,0.1583044982698962,0.20619691726958164,23323.960970822885,0.7425404411764707
Schoharie County,2011,50795,147600,681,36,095,31582,711,737,900,1077,1177,4.4558333333333335,0.10166666666666667,224.923,3.1396522774535196,0.16088197657249728,0.21261935229845458,22583.28405721069,0.7168632739442858
Schoharie County,2012,51896,147800,715,36,095,31582,687,713,870,1041,1138,3.6559166666666667,0.14,229.58608333333333,2.0731909735035137,0.1653306613226453,0.2011715739170649,22604.157554555608,0.604435120240481
Schoharie County,2013,53245,146000,724,36,095,32749,657,744,921,1147,1231,3.9819166666666668,0.1075,232.95175,1.4659715509759863,0.16317025072776786,0.20756878580148372,22856.664523876723,0.6497303408770777
Schoharie County,2014,51873,146200,729,36,095,32749,662,750,929,1157,1242,4.172833333333333,0.08916666666666667,236.715,1.6154632879984865,0.1686426464634781,0.2149094904863802,21913.693682276156,0.7037176565843501
Schoharie County,2015,51195,147000,733,36,095,32749,690,782,968,1206,1294,3.849,0.1325,237.00175000000002,0.12113723253701636,0.1718136536771169,0.22689715792557866,21601.106320944884,0.661310753003223
Schoharie County,2016,50607,143700,741,36,095,32749,685,823,1005,1247,1378,3.6477083333333336,0.395,240.00541666666666,1.2673605433996427,0.17570691801529434,0.23830695358349635,21085.774105792752,0.640927589068706
Schoharie County,2017,51842,143300,781,36,095,32749,690,817,1006,1259,1387,3.991,1.0016666666666667,245.121,2.1314449500271726,0.18078006249758882,0.23286138652058178,21149.554709714794,0.721493229427877
Schoharie County,2018,53989,143500,792,36,095,32749,700,837,1032,1294,1406,4.539041666666667,1.8316666666666666,251.0995,2.438999514525486,0.17603585915649483,0.22938005890088722,21501.038432971793,0.7990340995387949
Schoharie County,2019,57714,144800,790,36,095,32749,768,904,1115,1397,1507,3.93375,2.158333333333333,255.65258333333333,1.8132586219141489,0.16425823890217278,0.2318328308555983,22575.16792808991,0.6461508472814221
Schoharie County,2020,58926,142600,809,36,095,31610,747,855,1054,1313,1428,3.1136666666666666,0.37583333333333335,258.85575,1.2529373358571627,0.16474900722940639,0.21464209347316973,22764.029773339014,0.5129734921766284
Schoharie County,2021,64220,151700,847,36,095,31610,809,912,1117,1389,1515,2.9557083333333334,0.08,270.97341666666665,4.681242996018686,0.1582684521955777,0.2087200249143569,23699.74176433666,0.4677953830582373
Schoharie County,2022,71479,169400,883,36,095,31610,890,991,1207,1492,1637,5.3275,1.6833333333333333,292.62641666666667,7.990820747791694,0.1482393430238252,0.20263294114355265,24426.707887217974,0.7897450999594287
Schoharie County,2023,71188,182000,916,36,095,31189,968,1079,1313,1598,1764,6.795375,5.024166666666667,304.70300000000003,4.126962791295052,0.15440804629993818,0.22132943754565376,23363.0781449477,1.0492605776254424
Schoharie County,2024,70133,192500,909,36,095,31189,1011,1131,1374,1661,1830,6.7236666666666665,5.1433333333333335,313.6981666666667,2.9521096499432797,0.15553305861719874,0.23509617441147534,22356.84089111136,1.045752441789172
Schuyler County,2009,44575,86600,600,36,097,19224,609,612,734,978,1011,5.041375,0.16,214.56466666666665,NA,0.16152551878855861,0.19759955131800336,20774.622724462246,0.8143107122826697
Schuyler County,2010,47404,86700,602,36,097,19224,632,636,762,1016,1049,4.6905833333333335,0.175,218.07616666666667,1.6365695501278532,0.15239220318960425,0.19289511433634293,21737.359347689686,0.7148083284111045
Schuyler County,2011,47804,89400,583,36,097,19224,627,630,755,1006,1040,4.4558333333333335,0.10166666666666667,224.923,3.1396522774535196,0.14634758597606895,0.1895238892142917,21253.495640730383,0.652100451845034
Schuyler County,2012,47869,91900,587,36,097,19224,558,560,672,896,925,3.6559166666666667,0.14,229.58608333333333,2.0731909735035137,0.14715160124506466,0.16845975474733127,20850.131377736674,0.5379739915185193
Schuyler County,2013,46976,94400,597,36,097,18343,482,527,633,913,1082,3.9819166666666668,0.1075,232.95175,1.4659715509759863,0.1525034059945504,0.16169959128065395,20165.549303664815,0.6072558540531334
Schuyler County,2014,49225,99700,620,36,097,18343,489,535,643,927,1099,4.172833333333333,0.08916666666666667,236.715,1.6154632879984865,0.1511427120365668,0.1567496190959878,20795.0488984644,0.6306933468765871
Schuyler County,2015,47680,108500,640,36,097,18343,516,564,678,978,1158,3.849,0.1325,237.00175000000002,0.12113723253701636,0.1610738255033557,0.17063758389261746,20117.99490932029,0.6199731543624161
Schuyler County,2016,47229,111300,708,36,097,18343,522,549,658,914,1149,3.6477083333333336,0.395,240.00541666666666,1.2673605433996427,0.17988947468716254,0.16718541574032902,19678.30587156887,0.6561843358953185
Schuyler County,2017,47810,114700,741,36,097,18343,542,568,683,962,1203,3.991,1.0016666666666667,245.121,2.1314449500271726,0.18598619535661995,0.17142857142857143,19504.652804125308,0.7422709056682703
Schuyler County,2018,51479,121300,730,36,097,18343,548,600,697,1009,1206,4.539041666666667,1.8316666666666666,251.0995,2.438999514525486,0.17016647565026516,0.16247401853182852,20501.43469023236,0.7723927232463723
Schuyler County,2019,52327,133100,742,36,097,18343,550,598,700,1011,1182,3.93375,2.158333333333333,255.65258333333333,1.8132586219141489,0.1701607200871443,0.16052898121428708,20468.011438700505,0.6693697326428039
Schuyler County,2020,53291,127000,765,36,097,18110,579,620,738,1049,1246,3.1136666666666666,0.37583333333333335,258.85575,1.2529373358571627,0.1722617327503706,0.16618190688859283,20587.141680260145,0.5363656152070706
Schuyler County,2021,56437,134400,753,36,097,18110,607,631,779,1084,1286,2.9557083333333334,0.08,270.97341666666665,4.681242996018686,0.16010773074401546,0.16563601892375568,20827.50429700823,0.47323175399117606
Schuyler County,2022,61316,151100,808,36,097,18110,612,626,792,1089,1223,5.3275,1.6833333333333333,292.62641666666667,7.990820747791694,0.15813164589992823,0.1550003261791376,20953.678994007434,0.8424463435318676
Schuyler County,2023,65625,163300,858,36,097,17845,602,703,900,1202,1326,6.795375,5.024166666666667,304.70300000000003,4.126962791295052,0.15689142857142857,0.16457142857142856,21537.365894001698,1.0661360914285714
Schuyler County,2024,67663,171800,899,36,097,17845,637,740,940,1271,1314,6.7236666666666665,5.1433333333333335,313.6981666666667,2.9521096499432797,0.15943721088334836,0.1667085408568937,21569.459815140774,1.0720026602426733
Seneca County,2009,45571,87500,656,36,099,33342,645,646,775,1020,1290,5.041375,0.16,214.56466666666665,NA,0.17274143643984113,0.204077154330605,21238.818444788983,0.8708543591319041
Seneca County,2010,46707,88900,661,36,099,33342,670,671,805,1059,1340,4.6905833333333335,0.175,218.07616666666667,1.6365695501278532,0.16982465155115936,0.2068212473505042,21417.746246151,0.7965766801550089
Seneca County,2011,47266,90600,664,36,099,33342,664,666,798,1050,1329,4.4558333333333335,0.10166666666666667,224.923,3.1396522774535196,0.16857783607667245,0.20259806203190453,21014.302672470134,0.7511547412516397
Seneca County,2012,49155,92800,657,36,099,33342,632,634,760,1000,1265,3.6559166666666667,0.14,229.58608333333333,2.0731909735035137,0.1603906011595972,0.18553555080866646,21410.26985883654,0.5863746719560574
Seneca County,2013,47618,94400,674,36,099,35251,492,608,721,1029,1033,3.9819166666666668,0.1075,232.95175,1.4659715509759863,0.16985173673820825,0.18169599731194086,20441.142854689868,0.6763354613801504
Seneca County,2014,48932,95400,692,36,099,35251,484,599,710,1013,1017,4.172833333333333,0.08916666666666667,236.715,1.6154632879984865,0.16970489659118776,0.1741191858088776,20671.271360074352,0.7081502493255947
Seneca County,2015,49292,97000,716,36,099,35251,486,601,712,1016,1020,3.849,0.1325,237.00175000000002,0.12113723253701636,0.17430820417106224,0.17333441532094457,20798.158663385395,0.6709122778544186
Seneca County,2016,50073,98200,735,36,099,35251,507,612,716,1014,1250,3.6477083333333336,0.395,240.00541666666666,1.2673605433996427,0.17614283146605955,0.17158947936013422,20863.279127380807,0.6425176741956744
Seneca County,2017,51601,98400,750,36,099,35251,544,643,765,1096,1348,3.991,1.0016666666666667,245.121,2.1314449500271726,0.17441522451115288,0.17790352900137593,21051.235920218995,0.6960911610240111
Seneca County,2018,54695,101400,761,36,099,35251,628,658,778,1080,1370,4.539041666666667,1.8316666666666666,251.0995,2.438999514525486,0.1669622451778042,0.1706920193801993,21782.201876148698,0.757848587622269
Seneca County,2019,54545,107100,781,36,099,35251,669,673,795,1089,1321,3.93375,2.158333333333333,255.65258333333333,1.8132586219141489,0.17182143184526538,0.17490145751214595,21335.595083301523,0.6759025575213127
Seneca County,2020,54865,107500,786,36,099,34845,681,685,828,1094,1255,3.1136666666666666,0.37583333333333335,258.85575,1.2529373358571627,0.17191287706187916,0.18109906133236126,21195.20234725325,0.5352793948783378
Seneca County,2021,59086,111800,828,36,099,34845,697,701,865,1118,1264,2.9557083333333334,0.08,270.97341666666665,4.681242996018686,0.1681616626612057,0.17567613309413396,21805.09096679533,0.4970368276749145
Seneca County,2022,64050,132000,871,36,099,34845,682,686,851,1095,1284,5.3275,1.6833333333333333,292.62641666666667,7.990820747791694,0.16318501170960187,0.15943793911007026,21887.976051376085,0.8693681498829039
Seneca County,2023,66007,142700,925,36,099,34295,727,732,926,1198,1513,6.795375,5.024166666666667,304.70300000000003,4.126962791295052,0.16816398260790522,0.16834578150802187,21662.73387528183,1.142737323314194
Seneca County,2024,68089,155400,957,36,099,34295,765,770,991,1297,1682,6.7236666666666665,5.1433333333333335,313.6981666666667,2.9521096499432797,0.16866160466448324,0.17465376198798632,21705.259142413433,1.1340244092290972
St. Lawrence County,2009,41670,76800,587,36,089,111931,560,561,675,855,934,5.041375,0.16,214.56466666666665,NA,0.16904247660187185,0.19438444924406048,19420.718540175923,0.8522065154787618
St. Lawrence County,2010,42303,79600,610,36,089,111931,580,582,700,886,968,4.6905833333333335,0.175,218.07616666666667,1.6365695501278532,0.1730373732359407,0.19856747748386638,19398.268342024232,0.8116462189442829
St. Lawrence County,2011,43390,80900,634,36,089,111931,575,577,694,879,960,4.4558333333333335,0.10166666666666667,224.923,3.1396522774535196,0.17533994007835907,0.19193362525927632,19291.046269167673,0.7812855496658216
St. Lawrence County,2012,43745,84100,655,36,089,111931,595,597,718,909,993,3.6559166666666667,0.14,229.58608333333333,2.0731909735035137,0.1796776774488513,0.1969596525317179,19053.85525327646,0.6568866156132129
St. Lawrence County,2013,43647,84400,673,36,089,111944,485,550,699,938,1016,3.9819166666666668,0.1075,232.95175,1.4659715509759863,0.185029898962128,0.192178156574335,18736.49800870781,0.7367736385089468
St. Lawrence County,2014,44454,86200,698,36,089,111944,503,570,724,972,1052,4.172833333333333,0.08916666666666667,236.715,1.6154632879984865,0.18841948980969092,0.19543798083412067,18779.545022495407,0.7862431277275386
St. Lawrence County,2015,44705,87600,700,36,089,111944,539,612,777,1043,1129,3.849,0.1325,237.00175000000002,0.12113723253701636,0.18789844536405323,0.20856727435409908,18862.72991655125,0.723221116206241
St. Lawrence County,2016,46313,87400,698,36,089,111944,555,617,763,996,1078,3.6477083333333336,0.395,240.00541666666666,1.2673605433996427,0.18085634702999157,0.19769827046401658,19296.647818712427,0.6597112041975255
St. Lawrence County,2017,48330,88000,723,36,089,111944,631,655,824,1031,1221,3.991,1.0016666666666667,245.121,2.1314449500271726,0.17951582867783986,0.20459342023587834,19716.792930838237,0.7164476722532589
St. Lawrence County,2018,49305,91600,730,36,089,111944,614,628,794,995,1181,4.539041666666667,1.8316666666666666,251.0995,2.438999514525486,0.17766960754487374,0.19324612108305445,19635.64244452896,0.8064497515464963
St. Lawrence County,2019,50940,93600,741,36,089,111944,609,634,801,1004,1203,3.93375,2.158333333333333,255.65258333333333,1.8132586219141489,0.1745583038869258,0.18869257950530036,19925.478293947745,0.6866687279151944
St. Lawrence County,2020,52071,97000,715,36,089,110815,625,665,830,1034,1247,3.1136666666666666,0.37583333333333335,258.85575,1.2529373358571627,0.16477501872443395,0.19127729446332892,20115.83671600882,0.5130544833016458
St. Lawrence County,2021,54351,99300,741,36,089,110815,620,693,857,1066,1270,2.9557083333333334,0.08,270.97341666666665,4.681242996018686,0.1636032455704587,0.18921454987028757,20057.687085541296,0.4835634762929845
St. Lawrence County,2022,58339,114700,788,36,089,110815,594,677,827,1047,1186,5.3275,1.6833333333333333,292.62641666666667,7.990820747791694,0.16208711153773633,0.17010918939303038,19936.340903375945,0.8635190867172903
St. Lawrence County,2023,61900,119800,799,36,089,108352,646,742,909,1133,1223,6.795375,5.024166666666667,304.70300000000003,4.126962791295052,0.15489499192245557,0.17621970920840066,20314.86398230408,1.0525695557350565
St. Lawrence County,2024,62850,121900,818,36,089,108352,661,763,940,1152,1252,6.7236666666666665,5.1433333333333335,313.6981666666667,2.9521096499432797,0.15618138424821001,0.1794749403341289,20035.18243917056,1.050111567223548
Steuben County,2009,42812,79500,592,36,101,98726,594,596,716,919,1014,5.041375,0.16,214.56466666666665,NA,0.16593478463982061,0.20069139493599925,19952.959014687105,0.8365394749135757
Steuben County,2010,43867,83000,597,36,101,98726,618,619,744,955,1054,4.6905833333333335,0.175,218.07616666666667,1.6365695501278532,0.1633118289374701,0.20352428932910843,20115.448960111033,0.7660277429502816
Steuben County,2011,44967,84200,616,36,101,98726,612,613,737,946,1044,4.4558333333333335,0.10166666666666667,224.923,3.1396522774535196,0.1643872172926813,0.19667756354660085,19992.175099923086,0.7324820423866392
Steuben County,2012,46519,85200,634,36,101,98726,593,595,715,917,1012,3.6559166666666667,0.14,229.58608333333333,2.0731909735035137,0.16354607794664547,0.18444076613856702,20262.116642522975,0.5979108321331069
Steuben County,2013,47476,86800,644,36,101,98990,474,560,686,887,999,3.9819166666666668,0.1075,232.95175,1.4659715509759863,0.1627769820540905,0.1733928721880529,20380.18602564694,0.6481643777908839
Steuben County,2014,47733,89800,664,36,101,98990,468,553,677,876,986,4.172833333333333,0.08916666666666667,236.715,1.6154632879984865,0.16692854000377097,0.17019671925083277,20164.755085229073,0.6965649760124023
Steuben County,2015,47280,91000,658,36,101,98990,481,568,696,900,1014,3.849,0.1325,237.00175000000002,0.12113723253701636,0.16700507614213198,0.1766497461928934,19949.219784242097,0.642802538071066
Steuben County,2016,48823,94300,675,36,101,98990,542,631,771,981,1090,3.6477083333333336,0.395,240.00541666666666,1.2673605433996427,0.16590541343219384,0.18950085000921696,20342.45754870116,0.6051745591217255
Steuben County,2017,50157,95300,691,36,101,98990,538,597,727,959,1038,3.991,1.0016666666666667,245.121,2.1314449500271726,0.16532089239787068,0.17393384771816497,20462.139106808474,0.6597956815599019
Steuben County,2018,51789,98200,692,36,101,98990,560,593,712,941,1035,4.539041666666667,1.8316666666666666,251.0995,2.438999514525486,0.16034292996582286,0.1649771186931588,20624.891726188223,0.7278032400702853
Steuben County,2019,53663,99600,695,36,101,98990,596,616,731,983,1105,3.93375,2.158333333333333,255.65258333333333,1.8132586219141489,0.1554143450794775,0.16346458453683171,20990.595635809143,0.6113611799563946
Steuben County,2020,55349,104200,714,36,101,97540,632,641,760,1020,1179,3.1136666666666666,0.37583333333333335,258.85575,1.2529373358571627,0.15479954470722146,0.16477262461833095,21382.179070775906,0.48199418237005187
Steuben County,2021,58652,108100,755,36,101,97540,637,657,773,1044,1234,2.9557083333333334,0.08,270.97341666666665,4.681242996018686,0.1544704357907659,0.1581531746573007,21644.92765434248,0.4565695543203983
Steuben County,2022,62506,121000,832,36,101,97540,623,651,769,1020,1231,5.3275,1.6833333333333333,292.62641666666667,7.990820747791694,0.15972866604805938,0.14763382715259335,21360.340844142287,0.8509544683710363
Steuben County,2023,64740,128600,878,36,101,95843,676,714,844,1099,1407,6.795375,5.024166666666667,304.70300000000003,4.126962791295052,0.16274328081556996,0.15644114921223354,21246.919131088303,1.1059016218721038
Steuben County,2024,65887,137900,894,36,101,95843,743,759,905,1167,1497,6.7236666666666665,5.1433333333333335,313.6981666666667,2.9521096499432797,0.16282422936239319,0.16482765947759043,21003.310507074475,1.0947758434896109
Suffolk County,2009,84530,430000,1404,36,103,1419369,1159,1339,1581,2098,2286,5.041375,0.16,214.56466666666665,NA,0.199313853069916,0.22444102685437123,39396.048432951065,1.0048158760203478
Suffolk County,2010,84506,424200,1427,36,103,1419369,1167,1348,1592,2113,2302,4.6905833333333335,0.175,218.07616666666667,1.6365695501278532,0.20263649918348994,0.22606678815705394,38750.68114580762,0.9504833857950916
Suffolk County,2011,87187,411000,1461,36,103,1419369,1218,1407,1661,2204,2402,4.4558333333333335,0.10166666666666667,224.923,3.1396522774535196,0.20108502414350762,0.22861206372509663,38763.043352614004,0.8960013534127794
Suffolk County,2012,87778,395200,1480,36,103,1419369,1233,1425,1682,2232,2432,3.6559166666666667,0.14,229.58608333333333,2.0731909735035137,0.20232860169974254,0.22994372166146415,38233.15365006517,0.7396965070974504
Suffolk County,2013,87763,383400,1495,36,103,1493350,1014,1285,1583,2058,2370,3.9819166666666668,0.1075,232.95175,1.4659715509759863,0.20441416086505704,0.21644656632065903,37674.325262634855,0.8139601540512518
Suffolk County,2014,88323,376800,1519,36,103,1493350,1033,1309,1613,2097,2415,4.172833333333333,0.08916666666666667,236.715,1.6154632879984865,0.20637885941374273,0.21915016473625218,37311.957417147205,0.8611845838569794
Suffolk County,2015,88663,375100,1544,36,103,1493350,1100,1395,1718,2234,2572,3.849,0.1325,237.00175000000002,0.12113723253701636,0.20897104767490385,0.2325208937211689,37410.272287018975,0.804329562500705
Suffolk County,2016,90128,376000,1589,36,103,1493350,1003,1324,1608,2089,2350,3.6477083333333336,0.395,240.00541666666666,1.2673605433996427,0.21156577312266997,0.21409550860997692,37552.48579459145,0.7717302336676727
Suffolk County,2017,92838,379400,1646,36,103,1493350,1230,1533,1878,2429,2717,3.991,1.0016666666666667,245.121,2.1314449500271726,0.2127577069734376,0.2427454275189039,37874.355930336445,0.8491160085309895
Suffolk County,2018,96675,386800,1698,36,103,1493350,1221,1527,1878,2428,2726,4.539041666666667,1.8316666666666666,251.0995,2.438999514525486,0.21076803723816911,0.23311093871217997,38500.67403559147,0.9566849030256013
Suffolk County,2019,101031,397400,1742,36,103,1493350,1240,1548,1907,2460,2756,3.93375,2.158333333333333,255.65258333333333,1.8132586219141489,0.20690679098494522,0.2265047361700864,39518.86528299636,0.8139195890370282
Suffolk County,2020,105362,413900,1810,36,103,1497595,1298,1624,1992,2563,2858,3.1136666666666666,0.37583333333333335,258.85575,1.2529373358571627,0.2061464285036351,0.2268749644084205,40702.97839626896,0.6418712628841517
Suffolk County,2021,111660,436300,1895,36,103,1497595,1343,1659,2035,2606,2896,2.9557083333333334,0.08,270.97341666666665,4.681242996018686,0.20365394948952176,0.2186996238581408,41206.994167017,0.6019416756224252
Suffolk County,2022,122498,490800,2113,36,103,1497595,1372,1695,2065,2642,2911,5.3275,1.6833333333333333,292.62641666666667,7.990820747791694,0.2069911345491355,0.20228901696354226,41861.5658132938,1.1027452693105193
Suffolk County,2023,128329,539500,2190,36,103,1481364,1536,1914,2297,2952,3245,6.795375,5.024166666666667,304.70300000000003,4.126962791295052,0.20478613563574874,0.2147916682900981,42116.09337617286,1.391598586445776
Suffolk County,2024,130686,578400,2255,36,103,1481364,1708,2144,2508,3246,3521,6.7236666666666665,5.1433333333333335,313.6981666666667,2.9521096499432797,0.20706120012855242,0.23029245672834123,41659.79080740563,1.3922104892643437
Sullivan County,2009,48586,181000,760,36,105,73966,614,680,873,1045,1224,5.041375,0.16,214.56466666666665,NA,0.18770839336434364,0.2156176676408842,22643.989224693723,0.946308401597168
Sullivan County,2010,48103,186900,795,36,105,73966,638,707,907,1086,1272,4.6905833333333335,0.175,218.07616666666667,1.6365695501278532,0.19832442882980272,0.22626447414922146,22057.889559993182,0.9302572604619256
Sullivan County,2011,48303,186000,812,36,105,73966,632,700,899,1076,1260,4.4558333333333335,0.10166666666666667,224.923,3.1396522774535196,0.20172660083224644,0.22334016520713,21475.349341774738,0.8988601122083515
Sullivan County,2012,48050,179500,819,36,105,73966,624,692,888,1063,1245,3.6559166666666667,0.14,229.58608333333333,2.0731909735035137,0.2045369406867846,0.22176899063475547,20928.968908902363,0.7477700104058272
Sullivan County,2013,48089,172100,843,36,105,77547,686,691,857,1115,1518,3.9819166666666668,0.1075,232.95175,1.4659715509759863,0.21035995757865625,0.21385348000582255,20643.33064679703,0.8376358210817443
Sullivan County,2014,49388,168800,851,36,105,77547,727,731,907,1180,1606,4.172833333333333,0.08916666666666667,236.715,1.6154632879984865,0.20677087551631976,0.22037741961610108,20863.90807511142,0.8628204017170162
Sullivan County,2015,50710,165900,841,36,105,77547,686,690,856,1113,1516,3.849,0.1325,237.00175000000002,0.12113723253701636,0.1990140011831986,0.2025635969236837,21396.466481787582,0.7660048905541315
Sullivan County,2016,52027,165900,862,36,105,77547,712,746,898,1203,1492,3.6477083333333336,0.395,240.00541666666666,1.2673605433996427,0.19881984354277588,0.20712322447959713,21677.427419172833,0.7252368001230132
Sullivan County,2017,53877,167900,860,36,105,77547,726,791,952,1280,1525,3.991,1.0016666666666667,245.121,2.1314449500271726,0.19154741355309315,0.21203853221226127,21979.7569363702,0.7644657274903948
Sullivan County,2018,56256,169500,876,36,105,77547,684,783,948,1238,1401,4.539041666666667,1.8316666666666666,251.0995,2.438999514525486,0.18686006825938567,0.2022184300341297,22403.867789461947,0.848165635665529
Sullivan County,2019,57426,172800,890,36,105,77547,654,788,964,1245,1364,3.93375,2.158333333333333,255.65258333333333,1.8132586219141489,0.18597847664820813,0.20144185560547487,22462.515047276072,0.7315928325148887
Sullivan County,2020,60433,175900,886,36,105,75785,652,806,1000,1259,1384,3.1136666666666666,0.37583333333333335,258.85575,1.2529373358571627,0.17593036916916255,0.19856700809160557,23346.20729885274,0.5477885261363824
Sullivan County,2021,63393,185700,933,36,105,75785,681,823,1032,1284,1427,2.9557083333333334,0.08,270.97341666666665,4.681242996018686,0.17661255974634424,0.19535279920495954,23394.54577493918,0.5220152146136009
Sullivan County,2022,67841,220200,996,36,105,75785,656,791,987,1246,1444,5.3275,1.6833333333333333,292.62641666666667,7.990820747791694,0.17617664833949973,0.17458469067378135,23183.4845168057,0.9385810940286847
Sullivan County,2023,69826,234800,999,36,105,75329,698,838,1008,1341,1526,6.795375,5.024166666666667,304.70300000000003,4.126962791295052,0.17168389997995015,0.17323060178157135,22916.08549965048,1.1666564818262537
Sullivan County,2024,72382,249000,1106,36,105,75329,789,917,1078,1506,1653,6.7236666666666665,5.1433333333333335,313.6981666666667,2.9521096499432797,0.18336050399270537,0.17871846591694068,23073.772081337207,1.2328549086789533
Tioga County,2009,51011,94800,573,36,107,51784,580,583,697,910,1067,5.041375,0.16,214.56466666666665,NA,0.1347944560977044,0.1639646350787085,23774.18462809969,0.6795494011095646
Tioga County,2010,51948,98200,588,36,107,51784,602,604,723,944,1107,4.6905833333333335,0.175,218.07616666666667,1.6365695501278532,0.13582813582813583,0.167013167013167,23821.03500535363,0.6371131901131901
Tioga County,2011,53789,105600,592,36,107,51784,596,599,716,934,1096,4.4558333333333335,0.10166666666666667,224.923,3.1396522774535196,0.13207161315510607,0.1597352618565134,23914.406263476834,0.5884890962836268
Tioga County,2012,56488,106700,607,36,107,51784,590,593,709,925,1085,3.6559166666666667,0.14,229.58608333333333,2.0731909735035137,0.12894774111315677,0.1506160600481518,24604.27878722324,0.4714221958646084
Tioga County,2013,55726,108400,626,36,107,51125,528,558,713,1017,1152,3.9819166666666668,0.1075,232.95175,1.4659715509759863,0.1348024261565517,0.15353694864156767,23921.69193835204,0.5367720274198758
Tioga County,2014,56167,110500,641,36,107,51125,512,542,692,987,1119,4.172833333333333,0.08916666666666667,236.715,1.6154632879984865,0.13694874214396355,0.147844819912048,23727.689415541896,0.5714642761764025
Tioga County,2015,57514,112600,644,36,107,51125,549,581,742,1058,1199,3.849,0.1325,237.00175000000002,0.12113723253701636,0.13436728448725527,0.15481447995270717,24267.331359367596,0.5171796779914456
Tioga County,2016,58115,112300,661,36,107,51125,500,575,729,987,1126,3.6477083333333336,0.395,240.00541666666666,1.2673605433996427,0.1364879979351286,0.1505291232900284,24214.03683597419,0.49786840746795147
Tioga County,2017,57153,113000,695,36,107,51125,543,597,767,1038,1192,3.991,1.0016666666666667,245.121,2.1314449500271726,0.14592409847252114,0.1610414151488111,23316.239734661656,0.5823830770038319
Tioga County,2018,60736,117100,736,36,107,51125,558,607,781,1029,1157,4.539041666666667,1.8316666666666666,251.0995,2.438999514525486,0.14541622760800843,0.1543071654373024,24188.02108327575,0.660050316122234
Tioga County,2019,62999,119700,751,36,107,51125,609,640,830,1086,1236,3.93375,2.158333333333333,255.65258333333333,1.8132586219141489,0.14304988968078858,0.15809774758329498,24642.426522191086,0.5627225035318021
Tioga County,2020,61965,119800,782,36,107,49320,606,634,820,1070,1224,3.1136666666666666,0.37583333333333335,258.85575,1.2529373358571627,0.151440329218107,0.158799322198015,23938.042712978175,0.47153470507544576
Tioga County,2021,64987,122900,829,36,107,49320,632,654,846,1117,1284,2.9557083333333334,0.08,270.97341666666665,4.681242996018686,0.15307676919999386,0.15621585855632664,23982.795360307486,0.4524502823641652
Tioga County,2022,70427,144200,894,36,107,49320,634,668,855,1136,1255,5.3275,1.6833333333333333,292.62641666666667,7.990820747791694,0.1523279424084513,0.1456827637127806,24067.205142392875,0.8115271131810242
Tioga County,2023,71791,153200,914,36,107,48431,725,758,964,1261,1366,6.795375,5.024166666666667,304.70300000000003,4.126962791295052,0.15277681046370714,0.16113440403393184,23560.975769848013,1.038175718404814
Tioga County,2024,72739,160800,928,36,107,48431,855,904,1141,1494,1644,6.7236666666666665,5.1433333333333335,313.6981666666667,2.9521096499432797,0.15309531338071736,0.18823464716314495,23187.57574292486,1.0293618554008166
Tompkins County,2009,46506,155000,837,36,109,96501,766,788,923,1117,1158,5.041375,0.16,214.56466666666665,NA,0.21597213262804799,0.2381628177009418,21674.58450754551,1.0887965101277255
Tompkins County,2010,48655,162100,851,36,109,96501,795,818,958,1159,1202,4.6905833333333335,0.175,218.07616666666667,1.6365695501278532,0.20988593155893537,0.23627581954578153,22311.012131082643,0.984487452471483
Tompkins County,2011,49789,165900,888,36,109,96501,789,811,950,1150,1192,4.4558333333333335,0.10166666666666667,224.923,3.1396522774535196,0.2140231778103597,0.2289662375223443,22136.019882359742,0.9536516097933279
Tompkins County,2012,50539,169300,925,36,109,96501,802,825,966,1169,1212,3.6559166666666667,0.14,229.58608333333333,2.0731909735035137,0.21963236312550705,0.22936741922079978,22013.09385404821,0.8029576168899266
Tompkins County,2013,51393,169200,942,36,109,101564,682,836,1001,1387,1392,3.9819166666666668,0.1075,232.95175,1.4659715509759863,0.219952133559045,0.23372832876072616,22061.650105654924,0.875831066487654
Tompkins County,2014,52836,171000,965,36,109,101564,769,943,1130,1565,1571,4.172833333333333,0.08916666666666667,236.715,1.6154632879984865,0.21916874858051327,0.25664319781966843,22320.512008111018,0.9145546597017185
Tompkins County,2015,52624,176500,988,36,109,101564,780,957,1146,1588,1593,3.849,0.1325,237.00175000000002,0.12113723253701636,0.22529644268774704,0.26132563089084826,22204.05545528672,0.8671660079051384
Tompkins County,2016,54133,182600,1011,36,109,101564,817,937,1084,1406,1607,3.6477083333333336,0.395,240.00541666666666,1.2673605433996427,0.22411468050911643,0.24029704616407738,22554.9076149323,0.8175049877154417
Tompkins County,2017,56200,190100,1055,36,109,101564,842,911,1071,1383,1750,3.991,1.0016666666666667,245.121,2.1314449500271726,0.22526690391459075,0.2286832740213523,22927.452156281997,0.8990402135231317
Tompkins County,2018,58743,199400,1107,36,109,101564,935,978,1164,1495,1898,4.539041666666667,1.8316666666666666,251.0995,2.438999514525486,0.22613758235023748,0.23778152290485674,23394.31181663046,1.0264479086869926
Tompkins County,2019,60240,204600,1164,36,109,101564,913,941,1135,1448,1729,3.93375,2.158333333333333,255.65258333333333,1.8132586219141489,0.23187250996015937,0.22609561752988047,23563.22757022796,0.9121284860557769
Tompkins County,2020,61361,218700,1144,36,109,104415,919,969,1172,1496,1748,3.1136666666666666,0.37583333333333335,258.85575,1.2529373358571627,0.22372516745163867,0.22920095826339207,23704.708124119323,0.6966055963885855
Tompkins County,2021,64260,228900,1218,36,109,104415,980,1048,1269,1619,1812,2.9557083333333334,0.08,270.97341666666665,4.681242996018686,0.22745098039215686,0.23697478991596638,23714.503359954437,0.6722787581699347
Tompkins County,2022,69995,264300,1320,36,109,104415,1053,1127,1365,1743,1851,5.3275,1.6833333333333333,292.62641666666667,7.990820747791694,0.22630187870562182,0.23401671547967712,23919.576638814506,1.2056232588042002
Tompkins County,2023,73012,271500,1374,36,109,102237,1187,1276,1487,1890,1998,6.795375,5.024166666666667,304.70300000000003,4.126962791295052,0.2258258916342519,0.24439818112091163,23961.693846138696,1.5345716183641045
Tompkins County,2024,74024,290900,1411,36,109,102237,1311,1434,1664,2056,2229,6.7236666666666665,5.1433333333333335,313.6981666666667,2.9521096499432797,0.22873662595914837,0.2697503512374365,23597.205169087694,1.5379488274073272
Ulster County,2009,57485,239500,926,36,111,177749,742,805,964,1221,1517,5.041375,0.16,214.56466666666665,NA,0.19330260067843785,0.2012351048099504,26791.45681022349,0.9745108984952597
Ulster County,2010,57584,242100,939,36,111,177749,771,836,1001,1268,1576,4.6905833333333335,0.175,218.07616666666667,1.6365695501278532,0.19567935537649347,0.2085996110030564,26405.453140607602,0.9178503230063907
Ulster County,2011,58808,242500,984,36,111,177749,764,828,992,1257,1561,4.4558333333333335,0.10166666666666667,224.923,3.1396522774535196,0.2007890082981907,0.20242143925996464,26145.836575183504,0.8946823561420215
Ulster County,2012,58934,237500,992,36,111,177749,845,917,1098,1391,1728,3.6559166666666667,0.14,229.58608333333333,2.0731909735035137,0.2019886652865918,0.22357213153697356,25669.674374136353,0.7384537278990058
Ulster County,2013,58590,232400,1005,36,111,182493,743,924,1197,1569,1818,3.9819166666666668,0.1075,232.95175,1.4659715509759863,0.20583717357910905,0.24516129032258063,25151.131081865664,0.819626472094214
Ulster County,2014,58592,226600,1014,36,111,182493,659,819,1062,1392,1613,4.172833333333333,0.08916666666666667,236.715,1.6154632879984865,0.20767340251228836,0.2175040961223375,24752.128086517543,0.8665864964500273
Ulster County,2015,58918,222800,1013,36,111,182493,689,856,1110,1455,1686,3.849,0.1325,237.00175000000002,0.12113723253701636,0.20632064903764555,0.22607692046573202,24859.73204839205,0.7941281781458978
Ulster County,2016,60393,219800,1022,36,111,182493,707,904,1146,1493,1571,3.6477083333333336,0.395,240.00541666666666,1.2673605433996427,0.20306989220605037,0.2277085092643187,25163.182080959978,0.7407397380491118
Ulster County,2017,61652,221600,1053,36,111,182493,724,904,1141,1479,1573,3.991,1.0016666666666667,245.121,2.1314449500271726,0.204956854603257,0.22208525270875235,25151.659792510636,0.8179828067215987
Ulster County,2018,63348,225500,1086,36,111,182493,737,918,1155,1479,1573,4.539041666666667,1.8316666666666666,251.0995,2.438999514525486,0.20572078045084297,0.21879143777230536,25228.246173329695,0.9337751941655618
Ulster County,2019,64304,230500,1112,36,111,182493,777,962,1210,1537,1676,3.93375,2.158333333333333,255.65258333333333,1.8132586219141489,0.20751430704155263,0.2258024384175168,25152.884888378794,0.8163094053247076
Ulster County,2020,65306,239400,1119,36,111,180130,792,967,1215,1563,1768,3.1136666666666666,0.37583333333333335,258.85575,1.2529373358571627,0.2056166355311916,0.22325666860625365,25228.72294704676,0.6402216641656202
Ulster County,2021,71040,252300,1175,36,111,180130,860,1020,1296,1685,1906,2.9557083333333334,0.08,270.97341666666665,4.681242996018686,0.19847972972972974,0.21891891891891893,26216.593817167184,0.58664819115991
Ulster County,2022,77197,288400,1269,36,111,180130,938,1060,1364,1794,2018,5.3275,1.6833333333333333,292.62641666666667,7.990820747791694,0.19726155161470005,0.21202896485614725,26380.73516374832,1.0509109162273145
Ulster County,2023,81804,315100,1335,36,111,178371,1089,1155,1498,1961,2185,6.795375,5.024166666666667,304.70300000000003,4.126962791295052,0.19583394455038874,0.21974475575766467,26847.126546177755,1.330765090949098
Ulster County,2024,86271,352500,1425,36,111,178371,1284,1308,1702,2198,2459,6.7236666666666665,5.1433333333333335,313.6981666666667,2.9521096499432797,0.19821260910387037,0.23674235838230692,27501.276439294885,1.332715512744723
Warren County,2009,50168,169900,768,36,113,63303,603,638,802,1012,1140,5.041375,0.16,214.56466666666665,NA,0.18370275873066497,0.19183543294530378,23381.296081678563,0.9261144952958061
Warren County,2010,51619,183000,781,36,113,63303,626,662,833,1051,1184,4.6905833333333335,0.175,218.07616666666667,1.6365695501278532,0.1815610531006025,0.19364962513803058,23670.17028454126,0.8516272496561345
Warren County,2011,53877,190800,804,36,113,63303,620,656,825,1041,1172,4.4558333333333335,0.10166666666666667,224.923,3.1396522774535196,0.17907455871707778,0.18375187928058356,23953.53076386141,0.7979263878835124
Warren County,2012,54909,189700,829,36,113,63303,631,667,839,1059,1192,3.6559166666666667,0.14,229.58608333333333,2.0731909735035137,0.18117248538490957,0.1833579194667541,23916.519330258474,0.662351508860114
Warren County,2013,55904,189400,853,36,113,65707,520,666,809,1087,1241,3.9819166666666668,0.1075,232.95175,1.4659715509759863,0.18309959931310818,0.17365483686319405,23998.10261137768,0.729087346164854
Warren County,2014,56601,191800,856,36,113,65707,652,835,1015,1364,1557,4.172833333333333,0.08916666666666667,236.715,1.6154632879984865,0.18148089256373562,0.2151905443366725,23911.0322539763,0.7572895178530414
Warren County,2015,56798,189700,862,36,113,65707,555,710,863,1159,1324,3.849,0.1325,237.00175000000002,0.12113723253701636,0.18211908870030635,0.18233036374520228,23965.223885477637,0.7009763724074792
Warren County,2016,57174,191500,879,36,113,65707,562,714,872,1089,1290,3.6477083333333336,0.395,240.00541666666666,1.2673605433996427,0.18448945324797986,0.18302025396159094,23821.96235154415,0.6729637160247666
Warren County,2017,60222,192800,881,36,113,65707,563,700,871,1104,1272,3.991,1.0016666666666667,245.121,2.1314449500271726,0.1755504632858424,0.17355783600677493,24568.274444050083,0.700621898973797
Warren County,2018,59813,193800,884,36,113,65707,623,737,924,1176,1340,4.539041666666667,1.8316666666666666,251.0995,2.438999514525486,0.17735274940230383,0.18537776068747597,23820.43771492974,0.8050115192349488
Warren County,2019,61024,196500,929,36,113,65707,661,761,959,1231,1368,3.93375,2.158333333333333,255.65258333333333,1.8132586219141489,0.18268222338751966,0.18858154168851599,23869.893745776742,0.7186261962506555
Warren County,2020,64658,208600,932,36,113,64700,671,754,956,1231,1344,3.1136666666666666,0.37583333333333335,258.85575,1.2529373358571627,0.172971635373813,0.17742584057657212,24978.390474231303,0.5385760153422624
Warren County,2021,68765,214300,969,36,113,64700,677,794,1005,1311,1380,2.9557083333333334,0.08,270.97341666666665,4.681242996018686,0.16909765142150804,0.1753799171089944,25377.028066406267,0.4998033374536465
Warren County,2022,74531,240600,1062,36,113,64700,715,850,1065,1383,1444,5.3275,1.6833333333333333,292.62641666666667,7.990820747791694,0.17098925279413935,0.1714722732822584,25469.675926387372,0.9109452442607773
Warren County,2023,78239,247600,1089,36,113,64187,790,896,1119,1451,1503,6.795375,5.024166666666667,304.70300000000003,4.126962791295052,0.16702667467631233,0.17162796048006748,25677.134783707414,1.135008889428546
Warren County,2024,78442,267400,1105,36,113,64187,939,1025,1284,1662,1710,6.7236666666666665,5.1433333333333335,313.6981666666667,2.9521096499432797,0.16904209479615512,0.19642538436041918,25005.565328455323,1.136582698044415
Washington County,2009,46886,128400,710,36,115,61042,603,638,802,1012,1140,5.041375,0.16,214.56466666666665,NA,0.18171735699355884,0.20526383142089322,21851.687292409126,0.9161053406134028
Washington County,2010,48327,137000,720,36,115,61042,626,662,833,1051,1184,4.6905833333333335,0.175,218.07616666666667,1.6365695501278532,0.17878204730275002,0.2068408963933205,22160.605965652674,0.8385920913774909
Washington County,2011,50117,143000,741,36,115,61042,620,656,825,1041,1172,4.4558333333333335,0.10166666666666667,224.923,3.1396522774535196,0.17742482590737674,0.19753776163776762,22281.847565611344,0.7905754534389529
Washington County,2012,50864,147000,802,36,115,61042,631,667,839,1059,1192,3.6559166666666667,0.14,229.58608333333333,2.0731909735035137,0.18921044353570304,0.19793960364894622,22154.652956970025,0.691737614029569
Washington County,2013,52361,148300,799,36,115,63216,520,666,809,1087,1241,3.9819166666666668,0.1075,232.95175,1.4659715509759863,0.1831133859169993,0.18540516796852619,22477.186799412324,0.7291422432726649
Washington County,2014,51494,144100,805,36,115,63216,652,835,1015,1364,1557,4.172833333333333,0.08916666666666667,236.715,1.6154632879984865,0.18759467122383192,0.2365324115430924,21753.585535348415,0.7828012972385132
Washington County,2015,51143,142700,803,36,115,63216,555,710,863,1159,1324,3.849,0.1325,237.00175000000002,0.12113723253701636,0.18841288152826388,0.2024910544942612,21579.16555468472,0.7252011810022877
Washington County,2016,51449,143900,819,36,115,63216,562,714,872,1089,1290,3.6477083333333336,0.395,240.00541666666666,1.2673605433996427,0.1910241209741686,0.20338587727652627,21436.59952119136,0.6968002779451496
Washington County,2017,52527,144900,823,36,115,63216,563,700,871,1104,1272,3.991,1.0016666666666667,245.121,2.1314449500271726,0.18801759095322407,0.19898337997601234,21429.008530480864,0.7503782054943172
Washington County,2018,54114,145900,848,36,115,63216,623,737,924,1176,1340,4.539041666666667,1.8316666666666666,251.0995,2.438999514525486,0.18804745537199247,0.20490076505155783,21550.81949585722,0.8535552352441144
Washington County,2019,57258,149000,855,36,115,63216,661,761,959,1231,1368,3.93375,2.158333333333333,255.65258333333333,1.8132586219141489,0.17918893429739075,0.2009850151943833,22396.800866801335,0.7048844702923608
Washington County,2020,59613,151500,861,36,115,62185,671,754,956,1231,1344,3.1136666666666666,0.37583333333333335,258.85575,1.2529373358571627,0.1733179004579538,0.19244124603693824,23029.428552388734,0.5396541693925822
Washington County,2021,63869,158100,893,36,115,62185,677,794,1005,1311,1380,2.9557083333333334,0.08,270.97341666666665,4.681242996018686,0.16778092658410185,0.1888239991232053,23570.208762790695,0.49591148287901804
Washington County,2022,68703,176900,964,36,115,62185,715,850,1065,1383,1444,5.3275,1.6833333333333333,292.62641666666667,7.990820747791694,0.1683769267717567,0.18601807781319593,23478.05805866809,0.8970280773765338
Washington County,2023,72342,185000,1000,36,115,61304,790,896,1119,1451,1503,6.795375,5.024166666666667,304.70300000000003,4.126962791295052,0.1658787426391308,0.18561831301318735,23741.807596249462,1.1272082607613834
Washington County,2024,73495,196200,1033,36,115,61304,939,1025,1284,1662,1710,6.7236666666666665,5.1433333333333335,313.6981666666667,2.9521096499432797,0.16866453500238113,0.20964691475610586,23428.571732169297,1.1340441118443432
Wayne County,2009,52351,105400,652,36,117,93765,590,652,797,957,1014,5.041375,0.16,214.56466666666665,NA,0.14945273251704838,0.18268991996332448,24398.704974724016,0.7534472693931349
Wayne County,2010,52562,107400,657,36,117,93765,594,657,803,964,1021,4.6905833333333335,0.175,218.07616666666667,1.6365695501278532,0.149994292454625,0.18332635744454168,24102.588010152416,0.7035607282827898
Wayne County,2011,54380,108400,676,36,117,93765,595,658,804,966,1023,4.4558333333333335,0.10166666666666667,224.923,3.1396522774535196,0.1491724898859875,0.177418168444281,24177.162851286885,0.6646877528503127
Wayne County,2012,53497,108500,684,36,117,93765,591,654,799,960,1016,3.6559166666666667,0.14,229.58608333333333,2.0731909735035137,0.15342916425220104,0.17922500327121146,23301.499473872,0.5609242387423593
Wayne County,2013,52601,109300,681,36,117,93772,579,705,859,1083,1157,3.9819166666666668,0.1075,232.95175,1.4659715509759863,0.15535826315089066,0.19596585616243037,22580.212425963746,0.6186236573449174
Wayne County,2014,51597,110400,689,36,117,93772,563,685,834,1051,1123,4.172833333333333,0.08916666666666667,236.715,1.6154632879984865,0.1602418745275888,0.19396476539333682,21797.09777580635,0.6686626354245402
Wayne County,2015,50798,112900,694,36,117,93772,585,712,867,1093,1168,3.849,0.1325,237.00175000000002,0.12113723253701636,0.16394346234103704,0.20481121303988345,21433.597009304784,0.6310183865506516
Wayne County,2016,51627,115100,716,36,117,93772,575,702,863,1071,1183,3.6477083333333336,0.395,240.00541666666666,1.2673605433996427,0.166424545296066,0.20059271311523041,21510.764513995342,0.6070682007476709
Wayne County,2017,53693,118900,742,36,117,93772,625,737,915,1145,1261,3.991,1.0016666666666667,245.121,2.1314449500271726,0.1658316726575159,0.20449593056823048,21904.691968456395,0.6618342055761459
Wayne County,2018,55765,121700,757,36,117,93772,632,741,924,1158,1258,4.539041666666667,1.8316666666666666,251.0995,2.438999514525486,0.16289787501120775,0.19883439433336322,22208.32777444798,0.7394002420873308
Wayne County,2019,59449,123800,779,36,117,93772,650,760,951,1192,1285,3.93375,2.158333333333333,255.65258333333333,1.8132586219141489,0.15724402428972734,0.19196285892109202,23253.82330382606,0.6185586805497149
Wayne County,2020,62003,130000,772,36,117,91440,668,775,972,1211,1317,3.1136666666666666,0.37583333333333335,258.85575,1.2529373358571627,0.14941212521974742,0.1881199296808219,23952.72270366797,0.46521955389255354
Wayne County,2021,64152,134800,810,36,117,91440,698,805,1006,1251,1364,2.9557083333333334,0.08,270.97341666666665,4.681242996018686,0.15151515151515152,0.18817807706696596,23674.647051786444,0.44783459595959596
Wayne County,2022,71007,151900,877,36,117,91440,727,828,1039,1284,1409,5.3275,1.6833333333333333,292.62641666666667,7.990820747791694,0.14821073978621827,0.17558832227808527,24265.41007775272,0.7895927162110777
Wayne County,2023,73914,163400,929,36,117,90103,839,950,1186,1443,1593,6.795375,5.024166666666667,304.70300000000003,4.126962791295052,0.1508239305138404,0.19254809643639906,24257.71981240749,1.0249051668154883
Wayne County,2024,74506,170000,938,36,117,90103,938,1050,1307,1580,1741,6.7236666666666665,5.1433333333333335,313.6981666666667,2.9521096499432797,0.15107508120151397,0.2105065363863313,23750.8560511192,1.0157784876385794
Westchester County,2009,79585,559800,1176,36,119,923459,1161,1385,1610,1942,2394,5.041375,0.16,214.56466666666665,NA,0.17731984670478104,0.2427593139410693,37091.38192992323,0.8939358421813156
Westchester County,2010,79619,556900,1203,36,119,923459,1169,1394,1621,1955,2410,4.6905833333333335,0.175,218.07616666666667,1.6365695501278532,0.18131350557027845,0.24431354324972682,36509.72099197758,0.8504661073361887
Westchester County,2011,80725,547000,1252,36,119,923459,1125,1342,1561,1883,2321,4.4558333333333335,0.10166666666666667,224.923,3.1396522774535196,0.18611334778569216,0.23204707339733663,35890.060153919345,0.8292900588417467
Westchester County,2012,81093,533300,1290,36,119,923459,1139,1359,1580,1905,2349,3.6559166666666667,0.14,229.58608333333333,2.0731909735035137,0.1908919388849839,0.23380563057230588,35321.391794581046,0.6978850209019274
Westchester County,2013,81946,518400,1325,36,119,949113,980,1192,1468,1877,2180,3.9819166666666668,0.1075,232.95175,1.4659715509759863,0.1940302150196471,0.21497083445195617,35177.24163909479,0.7726121470236498
Westchester County,2014,83422,509200,1354,36,119,949113,967,1177,1449,1853,2152,4.172833333333333,0.08916666666666667,236.715,1.6154632879984865,0.19476876603294094,0.2084342259835535,35241.53517943519,0.812737599194457
Westchester County,2015,83958,506900,1364,36,119,949113,1062,1292,1591,2035,2363,3.849,0.1325,237.00175000000002,0.12113723253701636,0.19495462016722648,0.22739941399271063,35425.05487828676,0.7503803330236547
Westchester County,2016,86226,507300,1394,36,119,949113,1036,1245,1510,1942,2229,3.6477083333333336,0.395,240.00541666666666,1.2673605433996427,0.19400180919908147,0.21014543177231926,35926.68915458505,0.7076620160972329
Westchester County,2017,89968,513300,1444,36,119,949113,1196,1401,1706,2197,2521,3.991,1.0016666666666667,245.121,2.1314449500271726,0.1926018139783034,0.22754757247021162,36703.50561559393,0.7686738395874089
Westchester County,2018,92758,528300,1493,36,119,949113,1180,1384,1687,2167,2466,4.539041666666667,1.8316666666666666,251.0995,2.438999514525486,0.19314776084003535,0.21824532654865347,36940.73464901364,0.8767057342762888
Westchester County,2019,96610,540600,1537,36,119,949113,1243,1463,1775,2283,2598,3.93375,2.158333333333333,255.65258333333333,1.8132586219141489,0.19091191388055068,0.22047407100714211,37789.5653313367,0.7509997412276161
Westchester County,2020,99489,544100,1599,36,119,975320,1399,1641,1975,2543,2855,3.1136666666666666,0.37583333333333335,258.85575,1.2529373358571627,0.1928655429243434,0.23821729035370745,38434.14720360664,0.6005190121520972
Westchester County,2021,105387,559900,1682,36,119,975320,1386,1619,1943,2484,2823,2.9557083333333334,0.08,270.97341666666665,4.681242996018686,0.19152267357453956,0.22124170912920949,38892.00693425954,0.5660851623065464
Westchester County,2022,114651,619000,1796,36,119,975320,1353,1566,1883,2377,2682,5.3275,1.6833333333333333,292.62641666666667,7.990820747791694,0.18797917157286023,0.1970850668550645,39179.98973093396,1.001459036554413
Westchester County,2023,118411,638400,1876,36,119,968738,1436,1669,2029,2515,2782,6.795375,5.024166666666667,304.70300000000003,4.126962791295052,0.19011747219430628,0.20562278842337284,38861.120500946825,1.2919195176123839
Westchester County,2024,118976,663200,1951,36,119,968738,1648,1934,2352,2885,3132,6.7236666666666665,5.1433333333333335,313.6981666666667,2.9521096499432797,0.19677918235610542,0.23722431414739106,37926.90319622524,1.3230776291016675
Wyoming County,2009,48943,93200,624,36,121,43424,578,594,697,1015,1108,5.041375,0.16,214.56466666666665,NA,0.1529942994912449,0.17089267106634248,22810.372630473485,0.7713016365976748
Wyoming County,2010,50075,97300,629,36,121,43424,599,616,723,1053,1149,4.6905833333333335,0.175,218.07616666666667,1.6365695501278532,0.15073389915127308,0.17326010983524712,22962.160774102624,0.7070299151273091
Wyoming County,2011,51312,98700,628,36,121,43424,594,610,716,1042,1138,4.4558333333333335,0.10166666666666667,224.923,3.1396522774535196,0.146866230121609,0.16744621141253507,22813.140496970074,0.6544114437168694
Wyoming County,2012,50635,99300,596,36,121,43424,612,629,738,1075,1173,3.6559166666666667,0.14,229.58608333333333,2.0731909735035137,0.1412461735953392,0.1748987854251012,22054.90823521896,0.5163842401500939
Wyoming County,2013,51100,100200,602,36,121,42155,478,538,728,950,973,3.9819166666666668,0.1075,232.95175,1.4659715509759863,0.14136986301369864,0.17095890410958905,21935.872986573402,0.5629230136986302
Wyoming County,2014,53012,101800,594,36,121,42155,445,500,677,883,905,4.172833333333333,0.08916666666666667,236.715,1.6154632879984865,0.13446012223647477,0.15324832113483738,22394.863020932346,0.5610796800724365
Wyoming County,2015,52564,102000,589,36,121,42155,456,513,694,905,927,3.849,0.1325,237.00175000000002,0.12113723253701636,0.13446465261395632,0.1584354310935241,22178.739186524992,0.5175544479111179
Wyoming County,2016,53612,104200,614,36,121,42155,474,523,675,922,925,3.6477083333333336,0.395,240.00541666666666,1.2673605433996427,0.13743191822726256,0.15108557785570395,22337.829180938625,0.5013115533835709
Wyoming County,2017,55459,108500,634,36,121,42155,495,530,684,939,943,3.991,1.0016666666666667,245.121,2.1314449500271726,0.1371824230512631,0.1480012261310157,22625.152475716077,0.547495050397591
Wyoming County,2018,57914,112200,640,36,121,42155,489,543,697,946,949,4.539041666666667,1.8316666666666666,251.0995,2.438999514525486,0.1326104223503816,0.14442103809096246,23064.16380757429,0.6019242324826467
Wyoming County,2019,58052,115900,659,36,121,42155,488,553,700,943,946,3.93375,2.158333333333333,255.65258333333333,1.8132586219141489,0.13622269689244126,0.1446978570936402,22707.37860071171,0.5358660339006408
Wyoming County,2020,58746,118800,681,36,121,40885,486,570,738,971,1000,3.1136666666666666,0.37583333333333335,258.85575,1.2529373358571627,0.13910734347870493,0.1507506894086406,22694.49297533472,0.4331338984781942
Wyoming County,2021,60013,125300,713,36,121,40885,522,574,757,1015,1027,2.9557083333333334,0.08,270.97341666666665,4.681242996018686,0.142569110026161,0.15136720377251595,22147.19094523725,0.4213927065802409
Wyoming County,2022,65066,143000,787,36,121,40885,572,575,757,994,1027,5.3275,1.6833333333333333,292.62641666666667,7.990820747791694,0.14514492976362461,0.13961208618940768,22235.17642090299,0.7732596133157101
Wyoming County,2023,68913,154700,782,36,121,40027,623,628,826,1096,1178,6.795375,5.024166666666667,304.70300000000003,4.126962791295052,0.13617169474554874,0.14383352923251055,22616.44946062231,0.9253377301815333
Wyoming County,2024,69110,162300,802,36,121,40027,724,728,905,1220,1345,6.7236666666666665,5.1433333333333335,313.6981666666667,2.9521096499432797,0.13925625813919837,0.15714079004485604,22030.731238998844,0.9363126609752568
Yates County,2009,44947,110900,547,36,123,24621,593,600,713,923,951,5.041375,0.16,214.56466666666665,NA,0.14603866776425567,0.19035753220459653,20947.997029644524,0.7362356887000245
Yates County,2010,46822,114200,559,36,123,24621,616,624,741,960,988,4.6905833333333335,0.175,218.07616666666667,1.6365695501278532,0.14326598607492205,0.18991072572722226,21470.48011512797,0.6720010465165949
Yates County,2011,48125,117000,595,36,123,24621,611,619,735,952,980,4.4558333333333335,0.10166666666666667,224.923,3.1396522774535196,0.14836363636363636,0.18327272727272728,21396.21114781503,0.6610836363636364
Yates County,2012,48245,117000,629,36,123,24621,572,579,688,891,918,3.6559166666666667,0.14,229.58608333333333,2.0731909735035137,0.15645144574567313,0.1711265416105296,21013.90437065545,0.5719734480257022
Yates County,2013,49335,118200,641,36,123,25348,503,508,661,902,1171,3.9819166666666668,0.1075,232.95175,1.4659715509759863,0.15591365156582548,0.16077835208269992,21178.20535797649,0.6208351677308199
Yates County,2014,50061,121600,665,36,123,25348,501,506,659,899,1167,4.172833333333333,0.08916666666666667,236.715,1.6154632879984865,0.1594055252591838,0.15796727991849943,21148.216209365695,0.6651726893190308
Yates County,2015,49510,124200,688,36,123,25348,555,561,730,996,1293,3.849,0.1325,237.00175000000002,0.12113723253701636,0.1667541910725106,0.17693395273682083,20890.14110655301,0.6418368814380934
Yates County,2016,50105,126900,701,36,123,25348,432,579,691,898,1001,3.6477083333333336,0.395,240.00541666666666,1.2673605433996427,0.16788743638359446,0.16549246582177427,20876.612159795004,0.6124044007584074
Yates County,2017,51758,128900,732,36,123,25348,493,602,716,941,1030,3.991,1.0016666666666667,245.121,2.1314449500271726,0.1697128946249855,0.16600332315777272,21115.285920015012,0.6773241624483172
Yates County,2018,54343,128800,753,36,123,25348,504,634,735,994,1015,4.539041666666667,1.8316666666666666,251.0995,2.438999514525486,0.16627716541228862,0.16230241245422594,21642.018403063328,0.7547389820216036
Yates County,2019,56563,136300,775,36,123,25348,521,647,760,1024,1027,3.93375,2.158333333333333,255.65258333333333,1.8132586219141489,0.16441843608012305,0.16123614376889486,22124.947560670716,0.646781022930184
Yates County,2020,55307,142300,712,36,123,25085,533,644,775,1046,1050,3.1136666666666666,0.37583333333333335,258.85575,1.2529373358571627,0.15448315764731407,0.16815231345037698,21365.953817908237,0.4810090585278536
Yates County,2021,57635,146600,723,36,123,25085,566,667,815,1101,1105,2.9557083333333334,0.08,270.97341666666665,4.681242996018686,0.15053352997310662,0.1696885573002516,21269.614085760564,0.44493320898759436
Yates County,2022,63974,159800,773,36,123,25085,571,686,860,1162,1166,5.3275,1.6833333333333333,292.62641666666667,7.990820747791694,0.1449964047894457,0.16131553443586458,21862.004370191004,0.7724683465157719
Yates County,2023,67521,178000,802,36,123,24981,667,757,997,1333,1339,6.795375,5.024166666666667,304.70300000000003,4.126962791295052,0.14253343404274227,0.17718931887857112,22159.61116234497,0.9685681343581998
Yates County,2024,69701,184700,834,36,123,24981,723,811,1066,1356,1527,6.7236666666666665,5.1433333333333335,313.6981666666667,2.9521096499432797,0.1435847405345691,0.18352677866888567,22219.128897257393,0.9654159337742644
